r,x1,x2,x3,x4,x5,x6,x7,x8,x9,x10,x11,x12,x13,x14,x15,x16,x17,x18,x19,x20,x21,x22,x23,x24,x25,x26,x27,x28,x29,x30,x31,x32,x33,x34,x35,x36,x37,x38,x39,x40,x41,x42,x43,x44,x45,x46,x47,x48,x49,x50,x51,x52,x53,x54,x55,x56,x57,x58,x59,x60,x61,x62,x63,x64,x65,x66,x67,x68,x69,x70,x71,x72,x73,x74,x75,x76,x77,x78,x79,x80,x81,x82,x83,x84,x85,x86,x87,x88,x89,x90
1,23912,1660,4020,18634,990,3497,16219,387,3415,24345,1597,3986,20569,936,3641,22007,1589,3856,23302,1086,3887,22477,1079,3731,21359,1601,3826,23752,1314,3957,20781,1409,3768,19754,447,3572,20378,1201,3687,22314,1353,3788,22642,1780,3871,22937,986,3824,20983,680,3603,20560,1551,3743,21400,1679,3824,21126,1819,3869,21207,999,3714,23092,1337,3908,18476,1288,3590,22352,1504,3809,23141,1717,3934,22981,1327,3863,22743,1848,3917,22277,1633,3867,23954,901,3887,20283,898,3611
2,22805,508,3770,18290,915,3428,20728,1514,3784,23063,1855,3996,19077,1006,3456,23819,1442,3914,22634,443,3788,23802,1809,4012,24709,1705,4062,22787,1812,3952,23361,1112,3887,19591,641,3589,19654,1099,3587,19377,1282,3646,22081,1914,3962,24254,1429,4008,23930,1909,4018,21566,1485,3750,22532,1380,3841,21878,977,3737,23601,1906,4013,17910,546,3382,21060,499,3590,18583,1410,3644,23134,1575,3914,20318,1147,3686,17585,1259,3611,22201,1711,3874,23362,1889,4025,23263,459,3796
3,18530,820,3485,22539,1957,3949,21530,1311,3762,23734,1858,4065,19361,1507,3652,19297,1470,3689,22316,1143,3792,21053,1014,3660,20696,433,3518,15893,665,3385,20144,1284,3649,21059,892,3670,20944,542,3647,20420,941,3538,18033,1235,3554,22147,1907,3958,18652,1422,3683,22752,1326,3852,17471,1016,3542,20444,1165,3697,19866,1219,3645,22938,1572,3927,18790,1462,3696,23905,1975,4086,16356,590,3470,21668,1848,3862,23235,1697,3921,22345,1821,3948,20740,1632,3803,21866,610,3565
4,19048,794,3541,21391,1181,3691,20704,1633,3814,22980,1556,3814,23842,1941,4048,21891,905,3705,23143,1905,3976,21364,1385,3767,24610,817,3966,20266,581,3619,21091,1688,3849,21927,1396,3808,24441,1075,4059,23395,769,3799,21417,1003,3710,18851,388,3450,24016,1042,3944,21895,565,3720,17140,1013,3525,22543,1335,3781,21998,1648,3846,20622,856,3609,19055,1322,3668,24965,1602,3998,22539,1619,3881,22578,1939,3942,22752,1436,3839,22057,1892,3944,22956,752,3837,20679,552,3544
5,21120,1749,3853,22895,1677,3941,23428,879,3837,22851,1841,3987,22727,1179,3768,20737,1422,3722,18582,1187,3597,22888,978,3801,22491,1297,3808,18855,971,3485,21589,1675,3866,22169,1172,3794,23230,1721,3918,22653,1919,3945,20943,1373,3713,21357,1531,3817,20367,976,3578,20981,1247,3683,23269,594,3785,24320,1399,3946,21990,888,3755,18631,1426,3671,24365,1449,4047,21399,901,3703,16209,994,3485,21704,1569,3838,20853,1503,3694,23222,1773,3967,21055,947,3679,22312,771,3778
6,20509,816,3559,22168,859,3746,21043,1410,3771,18562,621,3474,23742,1175,3907,21962,318,3703,20940,1578,3732,20455,1076,3643,22323,1639,3903,22688,1686,3895,22338,1361,3785,22112,1587,3837,21569,1873,3920,21966,568,3724,21662,845,3699,23348,1450,3906,24168,923,3947,23670,1156,3894,22103,1304,3811,24851,1659,4037,18089,1352,3627,21651,1216,3768,23636,1450,3930,21334,1291,3778,19803,1156,3587,21669,1169,3717,23847,1515,3979,22883,1257,3806,21339,1394,3766,17189,1404,3603
7,23861,1664,4042,19110,1514,3728,21800,929,3725,20005,1591,3787,20018,1084,3656,24008,1858,4085,22288,1589,3850,21722,1353,3735,21490,1538,3768,18450,1421,3680,23134,1069,3867,23335,2065,4044,21871,1737,3812,16756,1084,3558,22658,1678,3888,19598,1139,3551,19125,1591,3715,20762,825,3675,20949,1017,3689,22561,1081,3787,22509,1101,3769,20090,947,3624,19886,725,3578,20733,1638,3729,18314,400,3439,20913,1519,3763,20313,1520,3759,22500,979,3750,19265,1187,3621,17393,804,3494
8,24117,1638,3989,18762,700,3452,16934,687,3433,22985,756,3835,22948,618,3790,21462,1805,3862,18537,920,3535,23630,1849,4043,19756,436,3511,19478,534,3537,23919,1842,3962,20337,690,3636,19489,297,3551,21943,1117,3775,20555,1571,3766,17238,1477,3685,18447,91,3395,20738,1670,3801,21937,1316,3774,22651,1769,3956,23372,1601,3938,23370,1322,3900,19592,1432,3697,20639,1007,3686,19320,1324,3648,23921,1755,3972,21900,1575,3779,18650,686,3500,24585,1317,3988,18122,156,3444
9,20944,928,3646,23126,1241,3859,23434,1874,4012,22146,1512,3760,20533,1037,3628,18365,1220,3530,19800,1412,3703,22845,1179,3855,20900,1840,3869,21792,863,3747,22989,1614,3916,19501,755,3517,20614,879,3646,18141,945,3514,21930,1329,3793,19808,582,3542,21948,1467,3778,22959,278,3753,22061,930,3747,21105,1704,3788,21936,1628,3808,23381,1407,3954,17528,1452,3662,20559,1033,3662,23064,1877,4049,22282,1794,3859,22320,911,3687,21881,962,3726,20243,1406,3704,20967,1385,3705
10,24211,1617,4012,23135,1797,3970,20576,1396,3750,24472,2069,4092,22321,614,3740,22041,1718,3910,21132,1745,3876,18008,625,3504,19580,1321,3651,24225,1875,4086,21585,395,3601,23897,1088,3948,20199,1200,3638,24326,1723,4029,16918,614,3475,20881,1619,3794,21348,1203,3752,18928,678,3507,21598,1792,3874,22413,1669,3864,21052,1263,3670,24830,1842,4088,23388,1132,3800,18562,1032,3562,22753,1914,4005,19313,1278,3661,22676,1880,3945,22973,1631,3917,18058,883,3508,22287,1095,3782
11,23498,716,3790,22423,166,3769,22824,1727,3917,22237,1574,3844,21632,1162,3741,19988,1485,3698,20095,1272,3708,19177,1426,3674,19765,685,3562,20912,532,3565,21540,1640,3836,23271,1629,3954,22349,1614,3864,20993,1206,3667,19440,150,3462,21567,1459,3818,20980,1310,3727,19752,715,3548,22795,2023,4030,21460,1262,3755,22546,1367,3808,23094,1460,3915,23722,1520,3933,20602,785,3561,21432,518,3615,22446,1178,3781,21736,1309,3707,20147,668,3560,24285,1727,4058,19454,1025,3591
12,21002,1484,3751,22743,1383,3846,21201,1797,3879,21339,969,3711,20869,1343,3675,21424,1615,3858,18670,1236,3627,23259,1575,3886,23999,1140,3983,20785,1786,3872,24614,1905,4079,22698,1431,3853,21828,1746,3903,17193,715,3488,21734,812,3709,18316,1365,3582,20165,1493,3688,20116,1319,3572,23820,1787,3964,23537,1503,3885,22022,1692,3851,21467,1329,3750,20906,677,3635,20639,340,3585,21099,1011,3690,20473,943,3588,18014,1249,3561,22543,1487,3866,22059,1719,3891,18879,752,3495
13,19430,775,3542,20879,1584,3751,22713,1650,3891,22829,1275,3809,19269,1659,3814,20861,943,3694,23284,1285,3922,19018,1248,3616,21330,1596,3819,24363,1310,4040,24795,1787,4092,20819,909,3673,23546,1532,3964,21320,663,3684,21787,1458,3788,20170,638,3584,20036,1122,3650,18524,786,3497,18041,810,3402,24080,812,3888,22734,1021,3831,20817,632,3654,21300,1858,3914,23667,1194,3908,25042,1274,4069,22539,1836,3931,21389,1634,3783,19688,795,3568,24742,1532,4081,23254,1662,3928
14,21208,864,3691,17824,599,3419,18751,1389,3675,20908,1548,3681,22290,1558,3877,23422,1765,3946,19806,1262,3694,18255,250,3514,23845,1255,3880,21011,85,3641,22398,1214,3797,19343,907,3557,21711,560,3699,21985,953,3727,23738,1754,4020,23094,1630,3855,24083,1186,3967,19118,642,3541,20887,134,3572,20173,262,3578,21564,1029,3739,23263,1413,3919,17905,1379,3658,20496,1199,3689,22435,1883,3974,19798,796,3552,23670,1166,3905,23319,1083,3870,18592,826,3511,23976,1696,3994
15,20735,1766,3856,23456,1246,3908,22104,1845,3920,23867,1823,3961,22639,1110,3759,22648,1834,3973,19625,1571,3698,21458,1408,3781,23773,1415,3988,22965,1524,3877,23004,1884,3994,22562,1476,3853,22513,1670,3870,21424,1571,3775,24305,1297,3980,23843,1844,3917,19164,1134,3603,22955,1672,3919,22806,1328,3868,17654,673,3492,21912,1705,3872,20449,1727,3812,22608,572,3699,22721,1542,3889,21267,589,3647,21406,1662,3834,20597,184,3564,22970,1213,3834,22209,753,3735,19513,558,3533
16,23871,894,3868,20321,1589,3736,22535,1883,3994,22185,1346,3789,20685,1626,3786,22119,1754,3936,20273,1234,3649,23181,1860,4026,23841,1534,4002,21168,1603,3796,24095,1964,4056,24204,1537,4018,21334,1884,3912,23011,1933,4058,21262,347,3649,22944,1698,3910,22606,1584,3843,21809,657,3686,22868,1283,3793,21852,1800,3842,21676,808,3721,18712,1028,3532,20239,509,3581,23902,1078,3927,21917,1760,3899,23374,1653,3923,20954,590,3597,22292,1465,3840,22607,362,3723,22614,1694,3861
17,23596,1780,3968,23419,998,3900,16670,799,3479,21843,783,3735,23400,1656,3900,16668,697,3439,17647,691,3447,24177,1782,4007,18531,503,3508,19679,1648,3759,19583,346,3552,19868,897,3618,24280,1589,4041,19459,1601,3748,24191,1627,4028,20497,1385,3747,23895,1577,3989,19751,433,3520,20675,1888,3881,16657,501,3467,20858,1027,3644,20413,1109,3626,18055,863,3498,20770,1471,3775,21229,763,3689,21689,1537,3837,24684,1370,4042,17263,676,3491,20345,1682,3822,22430,1400,3842
18,22957,1272,3791,23629,1718,3966,21442,1053,3566,20533,1417,3678,22635,1456,3841,23006,890,3834,21029,1444,3712,18833,1104,3575,21669,1685,3869,22443,248,3735,20079,1513,3740,18000,693,3505,22566,1188,3790,18486,1290,3603,20076,1405,3635,23554,1924,4023,23186,1691,3954,22662,1530,3860,22269,943,3753,17743,1091,3528,21425,1169,3735,22883,1983,4051,16972,1295,3545,20963,698,3676,17803,587,3478,19561,1553,3743,23153,1567,3901,19290,685,3559,20924,1483,3764,22232,502,3756
19,22002,1522,3756,22670,1876,3783,22387,1690,3877,22880,667,3809,23068,1466,3886,16856,798,3447,18662,1120,3554,22933,1253,3857,23998,927,3893,20378,576,3604,20305,1389,3707,21912,1451,3811,18831,461,3538,21790,674,3717,16696,728,3477,21441,1516,3760,22368,1874,3925,20897,1483,3733,22548,1347,3855,22566,1783,3940,22483,1800,3918,22711,1534,3885,19246,1132,3601,21379,1316,3782,22625,1979,4078,20036,1181,3661,19930,983,3599,21078,1788,3852,23167,1627,3934,17452,1317,3610
20,20008,885,3574,23514,1832,3990,19629,196,3506,24346,1585,4076,21025,1383,3709,22226,1633,3872,19497,919,3550,22289,1446,3823,21400,1908,3962,19803,1285,3629,21499,791,3686,22724,1529,3896,24039,1507,3927,18762,971,3596,24138,1584,4023,22104,1007,3745,22401,1310,3793,25016,1229,4027,22169,1704,3845,19460,1419,3703,22574,1295,3841,21817,1783,3919,18422,791,3488,20965,838,3692,24812,871,3986,23719,1597,3951,19826,1055,3595,17331,624,3463,23029,1436,3842,22153,1268,3806
21,19409,1585,3706,22007,914,3733,22551,1855,3969,22246,664,3687,19792,1105,3655,21025,657,3635,22944,423,3743,21597,1553,3801,23328,1725,3968,21710,1538,3760,22388,1311,3830,22082,1022,3790,22171,1499,3801,16587,1021,3477,22176,1596,3858,19311,992,3529,20410,1268,3684,20665,1295,3686,17012,958,3416,22550,1923,3912,22530,1795,3925,20218,1479,3703,21653,1168,3689,21183,165,3578,24216,1639,4065,20066,1131,3647,24013,1176,3960,22876,1389,3884,17112,904,3492,20011,1351,3661
22,21255,1744,3832,20421,1323,3671,21312,1390,3723,22244,1850,3881,22533,1521,3870,23191,1790,3958,23507,1577,3956,21904,1496,3799,23633,1515,3973,24031,1853,3975,19721,377,3559,20186,474,3579,23515,1602,3946,19782,1735,3812,22046,1761,3863,22554,883,3809,17531,1271,3608,23520,1716,4018,22626,1391,3856,23320,1954,4029,21495,1328,3772,19007,699,3469,21112,1426,3728,20782,772,3611,23896,645,3911,22419,1015,3761,24528,1804,4051,23447,1617,3964,21442,606,3641,16329,229,3398
23,18909,917,3569,22364,279,3714,23731,1813,3921,21545,934,3714,21764,1827,3916,21340,1822,3754,21177,1447,3758,21125,1967,3870,22202,1975,4028,19455,578,3535,20032,544,3577,21110,1360,3698,19842,881,3559,21888,1548,3823,24173,1146,3939,19030,1493,3731,22368,1670,3903,23612,1472,3912,23349,1275,3815,21730,1542,3814,21173,835,3653,21616,1428,3755,22914,1939,4016,23913,1700,3943,17671,765,3481,23227,1926,3993,19937,515,3413,21185,601,3639,23451,1731,3945,19257,464,3511
24,19257,773,3517,21928,1924,3889,20166,1826,3865,22712,1913,3907,24425,1701,4142,20177,140,3566,23626,1820,3957,21361,1575,3770,20273,1198,3657,23504,1409,3959,21992,1531,3825,20714,412,3618,24005,1715,4012,21754,592,3662,22791,1879,3974,18579,607,3473,19164,1196,3605,22473,1551,3790,22041,1442,3833,23568,226,3785,24065,1414,3966,21919,1836,3920,21917,820,3711,22665,1538,3853,22276,1899,3987,24609,1575,4029,18825,1532,3711,19530,477,3493,21904,1624,3861,22400,760,3788
25,23714,1654,4003,20358,1428,3727,22304,1900,3975,21282,1758,3858,22088,1527,3777,21783,1628,3869,21563,424,3601,21512,1336,3677,23362,1548,3917,21573,932,3752,24322,1527,4046,23211,1199,3810,22150,961,3758,24356,1163,3995,20327,1773,3828,17585,1228,3568,21825,1250,3756,23950,1700,4021,20998,1683,3839,17524,820,3475,21064,1839,3884,21028,1558,3736,24183,1493,4000,19090,335,3514,19727,396,3524,19729,1059,3607,18145,1004,3546,18939,1015,3546,22656,1295,3841,20995,1002,3665
26,22110,1858,3927,19423,642,3493,21544,1145,3743,20440,538,3589,23306,863,3819,22571,641,3792,20736,1748,3885,25202,1688,3985,23284,1816,3918,17399,855,3472,22584,1827,3930,23596,2013,4085,21285,1814,3911,18689,1111,3575,19772,880,3479,21233,1008,3721,17081,701,3450,20792,1505,3785,17551,1163,3551,22241,1148,3762,21942,893,3758,22752,663,3837,17194,905,3503,19718,1718,3837,22172,1919,3981,18857,628,3505,19692,906,3549,22615,485,3774,21020,1270,3681,21441,1028,3732
27,16784,717,3406,18977,1585,3713,21704,1764,3896,21460,810,3712,21646,720,3722,22489,484,3734,19680,529,3557,20718,967,3650,23008,1541,3880,23277,1514,3949,20123,1202,3639,22460,1064,3808,24192,1733,4066,22847,1623,3949,21391,1321,3741,21675,943,3648,22886,1264,3793,22143,1893,3880,22162,1161,3775,22113,1597,3847,19979,441,3556,20341,928,3573,23575,1575,3912,20625,1303,3713,22246,1561,3839,21438,1577,3769,24291,1998,3981,22729,472,3759,20825,786,3662,19533,891,3588
28,22155,1497,3850,24074,1674,3992,23831,768,3843,22551,1945,3928,17308,923,3429,21025,1210,3724,23218,1563,3891,19458,1155,3589,23906,1730,4007,20821,954,3664,20578,1344,3686,23786,1468,4002,16066,1129,3498,19785,1251,3663,21165,348,3623,24207,1650,3965,22441,595,3731,22138,1481,3783,19632,295,3519,22606,1431,3791,20193,1099,3592,21992,1341,3779,21353,1023,3678,19060,1211,3622,22200,1901,3976,23337,1821,3966,22645,1649,3878,21339,1581,3817,21359,768,3716,22459,1943,3957
29,19289,1371,3666,22623,1909,3987,17338,612,3426,17243,1410,3650,23105,1917,4047,21782,1582,3807,18464,984,3538,23897,1377,3895,23658,1506,3978,22376,1967,3896,21263,1173,3711,19119,1205,3637,20821,595,3622,23962,1974,4066,21902,1820,3878,19507,1527,3732,23441,1464,3868,21702,1257,3750,20288,1513,3744,21063,1043,3663,22296,1476,3847,22131,1681,3878,24773,1446,4049,20106,1262,3663,21550,698,3679,22474,1511,3856,23400,980,3775,22163,1813,3919,23248,954,3844,19873,1717,3823
30,25559,1490,4033,23385,1424,3943,23982,1132,3940,18789,1105,3563,20084,1505,3725,19783,650,3530,21728,1494,3819,23057,1924,4036,23987,1367,3995,20257,1605,3794,22323,232,3758,23762,1584,3969,22783,1647,3905,20361,975,3617,19959,1069,3560,20679,1175,3703,22533,2010,3939,22425,1925,4006,22097,1024,3748,23709,1212,3855,22685,1275,3840,16820,1179,3532,23472,1692,3937,19296,641,3520,21917,1944,3981,22465,2006,3982,22209,1705,3864,19360,1468,3715,23565,1828,4013,19357,1472,3731
31,22539,1097,3761,19419,321,3408,20624,1787,3845,21100,1289,3705,24229,1617,4065,16653,828,3487,20157,616,3577,19396,865,3528,24430,1454,4058,21198,1249,3714,20225,1739,3857,21250,856,3677,23220,1596,3828,16894,817,3465,21451,963,3723,22584,1936,3965,18098,317,3479,21364,1663,3818,20722,1054,3704,22165,1259,3775,16183,1203,3491,21807,1320,3777,19836,1129,3598,21243,1360,3785,19924,1647,3751,24230,1973,4100,22220,1900,3925,19052,707,3504,16597,422,3309,20938,1612,3784
32,21302,764,3660,22180,427,3707,21303,1601,3800,21941,1751,3834,22685,1781,3901,21667,543,3690,19413,997,3614,23058,1883,4039,21071,1463,3739,21005,1576,3777,22985,1215,3827,23430,574,3851,23696,1816,4064,19876,1570,3725,18354,1150,3603,19736,706,3564,22375,411,3705,22691,2025,4020,20265,1075,3669,15109,416,3307,23084,1915,4054,19883,1221,3649,16836,1078,3499,23982,1282,3933,17024,943,3517,23224,1316,3782,21416,889,3641,20576,774,3636,22410,1482,3818,20069,773,3579
33,23977,899,3927,20027,1365,3703,22689,1714,3902,18598,1172,3534,19568,1160,3601,21688,579,3695,22097,1321,3793,21085,1459,3757,22699,762,3762,23273,1276,3916,21564,900,3731,18912,1207,3622,17977,1252,3506,22498,1226,3794,20105,1530,3756,21705,1436,3818,23887,1309,3977,21431,1277,3713,23327,1913,4009,20824,1514,3705,24645,1738,4047,20901,561,3650,23483,1121,3902,22294,1699,3818,20552,1069,3660,23506,1972,4025,23577,754,3895,19907,1453,3636,16284,835,3414,24498,1736,4084
34,21600,1993,4022,19770,1457,3656,18023,388,3484,21250,734,3598,19460,1649,3796,22649,636,3790,20612,833,3624,23375,1417,3901,23953,1154,3972,21713,758,3729,21224,1304,3748,17420,737,3482,22046,1703,3907,19578,614,3503,23705,1600,3966,23887,1962,4108,22708,1817,3931,18634,864,3510,19507,1360,3704,21839,1003,3731,24059,1508,3948,24008,1206,3917,23522,1182,3910,23222,1199,3883,18219,1254,3587,23419,1052,3859,22740,1318,3805,23470,1313,3926,21556,828,3752,22350,779,3793
35,22217,1922,3968,20115,556,3526,22794,1253,3745,16036,750,3448,23604,1396,3891,20285,1286,3668,23521,925,3836,22687,1841,3988,22795,1735,3914,19023,1099,3587,20724,1328,3736,22254,1213,3801,21862,1685,3726,21649,1782,3879,20298,264,3594,20659,1585,3765,22802,433,3771,23678,1898,4057,21926,1801,3876,19903,1309,3663,22055,1795,3911,23040,1512,3913,19655,1607,3714,19967,568,3535,19255,1373,3643,21039,768,3636,18693,1174,3549,19848,1631,3799,21478,908,3738,23328,1818,4044
36,21291,827,3697,23436,1753,3981,21692,1766,3844,23408,1980,4009,24493,1437,3985,20202,1297,3632,24314,1705,4070,22676,1471,3842,24123,1728,4027,20087,1123,3627,21899,1789,3880,21239,1105,3687,20783,1123,3659,18708,1302,3616,23949,1688,3998,20673,549,3603,18994,693,3523,24613,1622,4008,21764,1419,3775,21385,940,3684,23690,1867,4012,24384,1674,4035,22624,1712,3834,21993,836,3678,21932,1887,3937,23542,406,3878,23763,724,3885,22618,1706,3938,21833,330,3628,24380,1611,3966
37,20520,879,3618,23474,781,3824,16826,927,3481,21448,404,3596,23473,1201,3877,24283,1528,4035,21245,1544,3799,19941,850,3603,21440,1905,3999,21271,807,3675,23319,715,3826,20957,544,3621,21584,1036,3721,20658,148,3594,22740,1986,4035,21221,1684,3811,20646,1097,3659,22577,1754,3881,21736,340,3658,18502,1532,3643,22267,564,3721,17322,786,3415,23295,1700,3946,23640,1890,3998,20227,1472,3716,21011,1388,3694,23152,1742,3975,21089,803,3637,21121,1431,3751,22935,1629,3887
38,22913,870,3778,22946,1646,3878,21796,686,3706,20870,990,3653,20181,1374,3707,18584,526,3449,20935,1129,3663,19851,1461,3752,21742,1848,3956,16596,999,3406,15026,685,3463,17879,1239,3548,23463,1393,3919,20504,1798,3882,20203,1853,3901,22409,1955,4017,23796,580,3886,17868,1417,3600,20522,904,3588,19660,1087,3638,22969,1394,3850,23908,1263,3928,23077,1838,4008,22745,1646,3912,19125,665,3579,18778,1263,3545,20683,684,3616,23430,1645,3954,23116,1831,3970,21317,1527,3747
39,24186,657,3981,22812,1009,3838,24782,1135,4070,20127,1040,3589,22665,742,3747,22759,1460,3857,24623,1270,4091,22170,1845,3955,20962,1653,3795,23653,946,3885,18668,792,3562,21600,368,3646,20088,789,3584,19285,1223,3634,20449,1478,3755,22540,1050,3778,23775,1611,3966,17586,603,3474,20324,843,3578,23771,1724,3949,22911,1781,3920,22668,1497,3864,22969,1480,3855,18039,736,3470,23855,1538,3850,20436,749,3557,23394,1684,3961,23014,1152,3839,23502,1093,3850,21611,961,3688
40,20706,1494,3743,23239,1555,3884,23071,1507,3883,21623,1687,3803,22966,1527,3891,22376,1928,3975,19362,1116,3565,20006,1543,3767,18568,1396,3586,23617,1318,3960,22976,1732,3926,19062,998,3579,24358,916,4011,18068,379,3482,21078,1193,3696,22057,1937,3990,21062,1465,3747,19410,628,3494,21452,1607,3834,22100,1689,3902,21270,1383,3750,21931,1186,3758,22962,1258,3820,20904,559,3639,20046,827,3634,21941,1131,3652,18968,939,3584,18440,415,3480,21457,1190,3735,23625,1778,4014
41,16765,1177,3545,20289,1611,3739,24413,1465,4035,22150,1349,3791,22334,1495,3811,23415,1633,3921,21059,1199,3748,18481,552,3527,23113,2076,4067,22148,886,3784,21379,1375,3749,16854,686,3434,18424,1582,3684,22536,1043,3826,20889,1545,3764,24070,1665,4031,22095,1084,3777,23062,1565,3889,20575,1131,3698,21147,1271,3744,19590,1567,3741,23517,888,3886,23905,1710,4006,20440,977,3637,21579,554,3682,19796,1273,3626,17419,1042,3531,18951,493,3497,20035,1138,3523,24068,883,3949
42,23503,1872,3931,19770,1009,3596,21266,1309,3680,16842,727,3414,22224,1585,3880,19108,882,3512,19716,889,3614,19096,1445,3633,17946,763,3505,23085,1213,3880,22760,937,3807,22894,1798,3924,20650,1248,3698,22782,1727,3906,23934,1475,3918,21235,393,3644,21279,1399,3737,16677,853,3466,21781,998,3701,23674,1798,3982,22249,1436,3831,23503,1036,3881,17368,751,3473,22402,1706,3909,23387,1450,3827,24238,1185,3951,19898,1297,3683,20083,1243,3619,22461,1970,3995,20624,1718,3841
43,22253,1487,3836,22067,1384,3756,21403,1785,3871,24164,1413,3963,21120,1768,3816,18905,1381,3648,21031,1238,3745,23482,1862,4101,20942,1816,3874,23199,1562,3940,22174,1721,3925,20845,676,3659,22415,675,3737,18509,1433,3701,23992,1679,4043,21204,1905,3909,21874,1088,3744,21599,1467,3748,22754,1338,3875,17379,1204,3516,22102,1538,3851,19245,1532,3695,20395,1056,3620,21346,342,3643,22184,1919,4029,23188,1703,3877,22166,1369,3805,21555,1478,3734,22434,1618,3872,23487,1249,3912
44,21346,589,3686,22415,772,3750,24092,1727,3985,20491,1854,3899,22371,1474,3865,23540,1909,4092,21461,824,3697,17797,300,3459,20832,1164,3618,21820,1626,3847,22832,1523,3846,21553,434,3683,21239,1310,3725,22474,1097,3786,19379,365,3432,20325,1133,3668,20468,1534,3718,21886,1043,3691,20157,1354,3628,17867,434,3484,21940,720,3708,18234,1029,3514,16947,876,3477,21195,1323,3757,23221,1836,3942,23658,799,3913,19910,1211,3606,23476,1375,3935,22985,2013,4053,19913,1244,3614
45,20357,1412,3669,15445,922,3471,22039,1573,3822,21448,580,3667,21864,1598,3749,22064,1783,3953,19285,276,3504,19078,1039,3557,17748,1420,3572,22256,2070,3921,22423,1293,3799,23468,1921,3999,19042,214,3534,23539,1422,3896,17509,1012,3541,20076,1153,3574,22660,1558,3833,17023,993,3556,19811,1480,3713,20587,1653,3783,22268,1537,3865,24600,1394,3984,17308,463,3391,20192,1677,3795,16981,1073,3512,20841,924,3624,22709,1859,3977,21696,1754,3906,21520,1664,3867,24725,1561,4068
46,23832,249,3854,24624,1347,4105,19753,1055,3538,19195,1343,3609,22770,1841,4019,22915,507,3795,23419,1160,3915,20426,790,3575,20098,1691,3784,21877,1011,3767,23441,1270,3904,23420,1854,3997,20059,1211,3601,22558,822,3821,23316,1478,3892,22690,2050,4087,23470,2005,4043,18481,772,3483,20096,1355,3676,18262,1157,3586,23870,1953,4074,17936,1313,3594,20580,1572,3779,21746,299,3632,20627,1396,3681,22386,1535,3850,21176,1817,3889,22215,1720,3905,20593,1633,3837,24639,1333,4053
47,21523,1390,3754,19818,1139,3632,21869,1885,3953,20329,1054,3602,23615,1584,3911,24125,1642,3950,23114,155,3750,21959,455,3714,18653,1051,3570,23375,1341,3928,22752,1871,3987,22163,1253,3802,16044,1298,3585,23986,1568,3903,21527,776,3668,20521,762,3627,23793,1684,3968,21368,1195,3690,20023,1786,3801,20943,704,3615,18918,1314,3643,22800,1238,3855,20718,961,3633,18928,383,3515,22084,1922,4026,19796,1366,3664,21149,1327,3764,20991,773,3634,22694,819,3744,23249,2005,3974
48,21490,580,3686,20485,638,3542,20429,1686,3729,24719,874,3953,24191,1753,4099,18588,1352,3556,23125,1589,3932,23053,2039,4054,17434,1031,3509,22388,1609,3875,19783,1591,3760,22767,1633,3900,19955,1575,3724,23160,1198,3878,23123,1872,3991,22762,857,3822,19661,1326,3659,22801,1722,3929,19744,889,3562,17209,966,3485,22082,1614,3866,23099,733,3860,23701,1524,3969,22867,1206,3774,17502,1293,3610,22924,1714,3946,22510,1606,3876,22502,1353,3812,18403,188,3463,19269,1236,3606
49,19948,562,3545,24013,1517,3975,21614,1093,3742,18388,1420,3660,25004,1417,4076,21369,763,3685,20223,868,3633,22449,1810,3906,25006,1036,3990,19915,1385,3652,23164,1913,4025,19406,283,3504,22823,812,3746,19400,1152,3638,22966,448,3803,22522,1395,3751,22389,892,3713,21793,1591,3814,23831,1776,3953,20058,1023,3500,23069,1818,3939,20881,1693,3788,23875,1823,4010,17663,1157,3513,20288,1133,3671,23535,1494,3879,20739,1603,3774,22417,1599,3846,23381,1877,4057,22527,190,3721
50,21551,1364,3749,22953,2060,4013,19135,1131,3545,21211,736,3666,23676,1838,3924,22988,1029,3799,17186,1259,3557,20517,1366,3741,23665,1459,3909,20415,750,3623,21586,1747,3875,19111,1364,3657,23363,1373,3918,17222,667,3345,24942,1576,4044,20461,1540,3734,22501,1435,3805,19429,472,3454,20122,509,3561,23212,1988,4090,18854,1215,3587,20638,431,3616,22203,1745,3810,19900,1006,3639,22334,1676,3888,23433,401,3726,23862,1294,3968,21918,885,3734,21869,1306,3779,23445,1723,3957
51,20351,1741,3762,19868,498,3469,21731,1730,3901,20133,1065,3638,21209,1690,3859,22914,1514,3867,24475,1570,3947,19510,1757,3705,20005,1509,3746,21902,351,3658,20077,1584,3776,19873,1545,3759,22165,1256,3760,21761,1095,3763,22759,1721,3917,17914,925,3526,23259,729,3840,19046,682,3508,21358,714,3676,18711,1347,3629,19724,1766,3822,25069,1465,4117,21740,1010,3699,20651,961,3658,21139,793,3613,20488,1191,3691,17061,517,3355,17813,833,3525,20749,767,3649,20361,820,3590
52,21618,1240,3717,21966,1047,3622,19442,202,3501,19499,1047,3566,21082,1090,3700,22444,1692,3901,17668,694,3477,23077,1510,3876,20562,1596,3784,18442,516,3452,21514,1739,3865,23865,1089,3883,22707,1386,3798,19182,1327,3687,19450,1178,3604,21341,984,3727,21584,898,3702,22913,1693,3926,20177,946,3590,22846,1071,3813,22783,1119,3838,17967,1363,3665,23786,1150,3956,23147,1378,3886,19641,457,3569,19781,292,3483,18188,564,3457,22270,1532,3832,21339,1474,3796,23094,1530,3883
53,19641,1230,3652,21006,1414,3746,24266,1489,3982,21412,915,3673,22055,271,3675,17962,819,3491,18652,1363,3606,22912,1265,3872,22054,1668,3864,22201,1648,3875,24099,1615,4054,23063,1643,3925,22071,1862,3919,23310,1076,3865,22070,1846,3911,22099,1843,3819,23323,702,3856,23800,1683,3933,21427,1515,3823,20353,890,3623,18545,1234,3614,20707,1397,3731,21889,1235,3707,22925,1202,3854,21157,896,3688,20101,947,3603,21407,1230,3646,24117,1650,4017,21824,764,3738,16386,771,3487
54,23002,645,3772,20083,1081,3611,24374,1762,3986,20736,1764,3879,22776,1876,4025,23428,1673,3978,19462,257,3479,20040,1176,3658,24215,1508,4058,23531,1014,3933,22557,455,3777,17418,1333,3622,22121,1296,3788,23472,1649,3959,22313,1362,3814,20222,998,3625,15175,488,3403,24211,1781,4039,21681,1131,3713,21182,199,3631,23478,642,3825,21241,1729,3820,21138,693,3645,18561,706,3535,21923,1644,3838,16808,901,3486,18910,1201,3603,24465,1739,4048,22922,2031,4075,17768,740,3420
55,16139,1178,3588,17651,1014,3543,18311,308,3500,17220,663,3400,22563,1702,3895,18624,1512,3719,21563,1489,3817,21133,475,3563,22011,1565,3776,19390,1362,3646,18477,851,3542,15995,582,3372,20320,923,3595,18329,813,3491,22129,1891,3972,20722,1557,3750,19896,1256,3656,20666,1550,3713,21754,1716,3866,22733,1733,3959,18759,1283,3630,20527,788,3498,20589,1495,3795,23848,2030,4065,21742,1775,3888,20225,1640,3785,23401,1640,3946,23471,1908,4000,21709,732,3666,23409,1048,3896
56,21928,1776,3880,22225,682,3708,21395,1596,3833,22526,1983,3953,24106,1745,4078,22250,1530,3746,23367,1023,3906,21897,1862,3917,20019,1591,3768,22717,2066,4042,19768,965,3632,16757,707,3402,23707,533,3783,20727,1699,3753,22505,1563,3865,21737,1027,3737,20557,261,3586,23817,1087,3863,20537,1478,3763,20107,728,3601,21036,1759,3817,17413,1148,3570,19867,1603,3762,20646,214,3557,24491,1618,4044,22353,1132,3764,17357,1036,3524,22843,1702,3938,23573,1483,3912,20556,1749,3830
57,21139,1680,3815,23698,1315,3949,21390,1139,3734,22297,2048,3953,19198,1094,3594,23383,2003,4010,17444,922,3429,19943,1723,3765,21730,1869,3955,21400,672,3651,20584,1755,3863,24265,1954,4080,24214,1527,4027,23031,1525,3893,19691,1524,3747,21411,1104,3736,21312,1596,3813,23236,1475,3875,21870,1447,3836,20290,1638,3774,22940,1773,3874,17487,612,3405,20142,1572,3700,23998,1057,3963,21075,834,3664,18667,1326,3628,22506,1481,3869,21556,1571,3772,22480,1938,3916,23170,476,3792
58,16830,373,3350,19024,1013,3555,22969,1524,3910,24282,1747,4064,23632,1457,3896,22046,1731,3929,20767,1714,3741,16835,976,3508,17793,1170,3560,23770,2041,4008,20558,1729,3801,21372,467,3677,19117,1264,3680,21578,1853,3906,20656,1207,3708,20866,1549,3793,22347,1809,3908,20508,865,3658,18592,892,3470,19196,1311,3697,21656,1015,3732,19210,1663,3775,18057,1414,3663,21124,1709,3805,21007,1144,3703,19186,1525,3713,21243,1343,3770,15628,501,3377,21785,955,3757,19020,1450,3701
59,23565,1856,4047,18841,1206,3551,22460,1687,3845,21911,1680,3810,23617,1997,4062,16100,394,3357,21948,1070,3733,19801,1455,3736,20849,1030,3655,23246,1746,3945,18885,1402,3572,22478,857,3806,21678,1023,3723,17296,446,3477,23509,1842,3979,22136,503,3724,21870,1757,3827,22521,1791,3840,22631,1636,3866,23096,994,3826,20646,1257,3659,16975,705,3398,19193,1240,3526,22059,668,3670,17618,1147,3581,22628,2027,4062,18289,880,3495,18941,1549,3768,20659,723,3644,22040,1357,3798
60,22284,1512,3856,23827,1302,3919,22056,1080,3742,24739,958,4107,22080,649,3744,22661,1118,3825,20412,1461,3714,18477,570,3525,22566,1814,3916,16995,396,3447,20702,1460,3748,18737,1247,3636,23235,1722,3929,17227,1229,3563,20793,1740,3858,19083,411,3453,21655,624,3615,16903,1107,3543,18047,920,3477,19196,1351,3699,23004,1890,4007,17428,1082,3487,20154,786,3610,21210,1431,3785,18886,727,3535,21297,1890,3920,21970,1640,3849,18996,1246,3587,19813,1475,3698,19151,1526,3742
61,21191,1549,3791,19716,1342,3632,20018,1132,3635,18139,487,3466,22032,954,3747,19327,1317,3660,22914,1927,3896,23262,1774,3964,23515,1949,4072,19650,1097,3622,20717,1566,3771,21663,1303,3723,20362,1333,3692,22495,1007,3793,23001,2044,4072,20176,0,3533,20363,1487,3684,15780,909,3535,24185,1761,3883,22840,1892,3973,23312,1304,3855,22887,1482,3906,19465,1277,3656,22315,1006,3726,25327,1357,4097,20615,1665,3818,23290,1416,3933,20411,1483,3722,21215,1117,3730,21631,947,3684
62,20860,1619,3761,22940,1825,3956,20237,1270,3668,15292,650,3343,18660,1389,3647,21015,577,3613,21216,808,3631,19521,962,3605,22668,1619,3829,21698,1636,3841,20833,1394,3744,23966,1750,4016,23499,954,3926,21284,1208,3730,23408,1538,3933,21878,892,3738,22061,1686,3888,22007,1063,3728,20468,1006,3654,22192,1979,4001,20433,582,3597,24056,1889,4023,22926,1412,3818,21746,1246,3772,15863,615,3434,20955,1152,3689,23565,1160,3851,19758,1249,3623,22143,864,3773,17049,630,3407
63,20954,1372,3692,17565,1112,3544,23125,1242,3898,20954,790,3634,21781,800,3734,22366,857,3753,23271,1403,3892,22875,638,3751,23977,1174,3982,20146,1602,3692,19017,808,3568,20772,1147,3687,20641,730,3639,18498,632,3493,22233,764,3716,20972,1020,3722,20453,1689,3792,20614,661,3587,24928,1730,4111,21393,1122,3694,20777,1698,3763,21352,1865,3832,20927,1752,3801,19255,1220,3639,22850,1380,3814,19355,1243,3621,22011,1750,3859,20772,585,3615,21845,1686,3890,21212,1062,3685
64,23873,1313,3942,22801,1795,3886,22806,1999,4030,22879,928,3781,23218,1068,3843,21219,836,3660,24532,417,3919,23167,1815,3931,22184,1799,3889,22631,1678,3891,21707,1057,3733,19741,1191,3620,18801,336,3501,24623,1474,4017,23311,1625,3935,20955,410,3606,23640,1477,3929,20994,1369,3718,19034,1534,3666,22653,1730,3945,23791,1576,3878,22390,1167,3724,21195,1768,3905,19879,331,3473,18611,992,3542,18378,834,3477,21626,482,3655,17858,1355,3582,19358,1567,3740,23007,1773,3917
65,23331,1208,3893,23181,1563,3918,23079,1438,3805,23932,1857,4068,21922,1880,3953,20902,602,3621,20226,1488,3729,21353,1843,3910,19502,1083,3617,22424,741,3767,21400,920,3672,19755,1152,3607,21052,344,3603,21890,493,3614,23640,1919,4032,21994,1017,3741,24995,1678,4008,21559,1269,3731,22543,1827,3879,19175,1492,3671,22928,1916,3985,18741,1012,3569,23710,1642,3989,18380,587,3447,17354,603,3477,21188,1180,3709,17978,816,3493,22564,1298,3865,21976,1902,3893,20025,1316,3676
66,16923,446,3416,20566,1129,3619,22428,1920,3994,17765,1383,3647,23172,1456,3867,23517,1343,3857,21300,340,3580,23423,999,3833,22280,1655,3902,22436,1350,3787,23351,1601,3930,21686,1725,3781,22459,212,3739,22185,632,3749,20928,951,3683,22460,1767,3912,23140,1740,3910,21061,1225,3677,21262,1671,3764,21123,1624,3752,21546,1703,3853,20983,1755,3831,23565,1985,4079,20410,1100,3672,22059,1599,3785,22787,1786,3910,18753,970,3544,24589,920,4031,20971,710,3544,23732,1726,4016
67,24183,1157,3928,17431,448,3412,22215,1319,3786,19373,956,3485,18106,1079,3576,19857,1381,3672,21321,854,3653,23322,1635,3957,21215,1725,3797,21859,1481,3760,22695,1782,3958,21578,1530,3736,24919,1827,4078,18759,1225,3614,23501,1368,3909,19962,356,3535,19948,1150,3613,21369,214,3601,18588,1308,3563,21293,1671,3791,21477,1061,3751,22197,1449,3823,23035,1306,3839,19396,1182,3660,22940,1745,3926,23825,1842,4037,20001,987,3620,17626,1245,3565,21904,779,3741,22088,219,3743
68,22684,1770,3909,20258,1274,3662,23082,1656,3914,17481,560,3339,17981,387,3398,23606,1672,3944,21955,1438,3823,24022,1110,3948,23205,1427,3887,20347,1426,3706,21428,1949,3968,19805,1647,3780,21012,1990,4079,24220,1206,4000,16805,999,3519,23286,155,3808,21169,843,3622,22927,1035,3754,18160,1121,3545,21435,1573,3777,20638,1482,3658,22685,1570,3898,20481,646,3629,21607,1288,3748,17052,881,3536,24253,1753,4144,22242,1910,3980,22329,1690,3880,22811,1856,4002,21568,995,3700
69,20767,1837,3923,21757,1331,3754,17689,443,3491,20795,1758,3838,24188,1549,3960,21274,1010,3716,16034,681,3378,23613,1484,3931,22864,1972,4054,20384,888,3636,23166,1544,3913,22951,1774,3918,18997,1292,3684,21652,1781,3908,22612,1996,3979,20153,847,3616,22082,660,3654,23405,1924,3964,19818,324,3524,19200,1235,3590,19329,214,3504,24043,1600,4013,22220,1449,3819,20243,1716,3825,17261,1031,3570,20398,1589,3761,23128,1815,3893,19067,1512,3742,20839,737,3671,22289,943,3759
70,22821,1306,3835,22807,1664,3924,21585,1857,3911,22851,851,3745,21201,1621,3818,18651,275,3477,24024,1572,3982,23128,1790,3877,22951,967,3814,23311,1119,3902,19930,1430,3679,23777,1826,3977,23610,812,3864,22885,1715,3950,23015,1639,3915,20521,1286,3691,17208,1122,3532,23946,1470,3954,20858,234,3516,22461,283,3685,21482,1528,3773,22559,1431,3817,21165,1228,3694,19397,1134,3660,20006,1184,3597,17124,1308,3624,23840,1249,3947,19359,946,3573,17059,866,3434,24314,1856,4146
71,22824,2009,4132,24620,1649,4023,18196,870,3501,18266,199,3432,22239,1649,3884,22196,607,3733,19802,967,3621,21177,1609,3797,21072,618,3625,18651,507,3477,24640,1250,4036,22504,1435,3842,21424,528,3631,22275,1761,3826,20365,1356,3687,20587,909,3641,21285,836,3658,22620,1823,3918,21457,763,3680,21769,1224,3723,21091,1784,3899,22199,1700,3882,24608,1445,4014,15982,675,3406,18691,1002,3564,23428,1606,3894,19620,1388,3671,23580,2024,4048,16367,682,3324,23399,1881,4047
72,22025,1570,3844,24140,1243,4007,19626,1594,3693,20433,1557,3757,24423,1018,3943,19725,1607,3747,22829,1047,3798,19852,937,3529,19607,1171,3630,23562,1333,3940,21199,1686,3806,23178,1671,3941,21509,1049,3687,22146,757,3727,23010,1519,3911,18065,1130,3536,17918,1111,3531,22322,373,3696,19349,1506,3699,17068,453,3399,22578,774,3772,20921,1614,3784,21616,1462,3774,22621,1753,3939,18781,1286,3633,21984,1847,3840,19433,1310,3649,22090,1258,3783,19340,1396,3642,22650,587,3777
73,23654,1224,3939,19068,843,3561,24075,1503,3964,23454,1872,4055,19855,1480,3660,19187,1367,3669,19203,691,3503,22625,1842,4018,16271,833,3479,21400,1176,3755,23896,1094,3891,23687,1522,3925,20101,705,3591,22132,1987,4008,20895,1383,3765,22660,1641,3907,21929,1616,3887,21951,1075,3780,23013,775,3814,18414,1093,3581,21050,931,3619,22846,1470,3901,23290,400,3795,18349,923,3522,18942,573,3486,24859,1464,4113,24144,445,3964,22102,1731,3837,20596,928,3551,19290,510,3528
74,19326,1255,3611,19087,1581,3676,20068,1559,3699,22903,1920,4008,23726,951,3888,22087,1639,3870,24628,1171,3964,20952,1389,3745,17993,726,3483,20777,765,3647,21654,265,3706,22158,1943,3866,18860,1413,3605,19694,581,3521,23057,1527,3924,23791,1360,3908,23438,2041,3982,21977,1612,3822,21831,1707,3866,22720,1683,3914,22881,990,3789,23379,1767,3955,21589,704,3681,18811,695,3493,23687,1858,4007,22625,1472,3827,23785,1348,3934,22075,1443,3817,20481,1247,3646,18853,1467,3633
75,21791,1049,3704,22911,1488,3855,21588,951,3624,20972,739,3594,21665,1754,3872,22605,1631,3896,19723,1277,3659,23088,1059,3835,21456,1880,3915,22439,1695,3886,24294,1517,3999,22097,1947,4015,20542,1178,3691,22043,1015,3752,20172,786,3615,22728,1394,3828,21033,1748,3818,23836,1868,4056,23239,1774,3944,23155,969,3839,24223,1653,4028,23787,1628,3955,23474,1745,3973,19903,1263,3661,21118,541,3572,19350,1235,3599,18515,1342,3625,19415,1490,3738,23614,1850,4035,20256,1693,3745
76,22791,2039,4038,20272,1088,3615,21317,1163,3720,20586,926,3595,19193,983,3592,23331,1958,3990,24000,2157,4005,22393,1720,3831,24066,1570,4008,20900,1742,3798,22161,1922,3955,19638,1595,3659,22857,1201,3816,22738,713,3772,23582,2078,4134,22576,1497,3848,24154,1691,4035,20505,388,3578,19479,1071,3570,21038,1554,3716,21380,1047,3724,23263,484,3859,23960,1588,3975,21438,884,3721,18997,69,3512,19706,1600,3758,20417,1540,3771,17148,351,3461,18472,1492,3665,21242,1693,3799
77,22593,1357,3828,23956,1774,4002,20907,1129,3617,16668,1197,3532,20620,389,3598,22559,1624,3867,21114,1695,3817,18650,1196,3540,20791,759,3611,21053,1861,3891,18095,898,3489,20612,1731,3818,18710,986,3556,19817,1082,3649,21242,1357,3768,22310,1771,3916,19961,1162,3659,20482,934,3629,21471,969,3683,21872,1634,3860,21710,1825,3925,23977,1960,3982,21196,198,3619,22897,1222,3814,16336,686,3468,20080,986,3637,18728,1580,3710,21335,1741,3828,23118,399,3750,18299,1212,3590
78,20858,1145,3661,21606,1383,3707,22909,1682,3920,24219,1623,4025,22164,1773,3883,22040,1887,3878,21632,1741,3831,19747,1575,3719,23266,890,3809,20853,680,3662,21914,776,3713,20872,1841,3862,21439,1173,3717,19596,1085,3657,23582,1739,4009,22442,1738,3890,23498,1683,3943,22036,1897,3958,21898,522,3708,17214,948,3492,24345,1394,3988,20582,1341,3693,22726,1738,3914,17516,680,3436,20902,1424,3711,21637,1631,3801,20593,793,3479,16666,420,3382,20095,987,3643,20518,1121,3663
79,22853,1414,3869,20472,1238,3705,20988,1338,3709,21326,718,3660,21422,1357,3721,19765,922,3523,19809,1348,3699,18948,1082,3586,23116,1228,3829,21828,1561,3842,22352,1248,3759,19021,1138,3583,21741,554,3693,20415,1286,3676,24220,1069,3951,18775,891,3502,19790,525,3535,20303,1640,3776,21449,1450,3815,24241,1939,3994,22032,1236,3794,22896,509,3778,23005,1489,3859,20661,915,3673,19529,568,3538,15217,531,3368,22330,767,3741,22614,1275,3843,22249,1213,3814,17756,1011,3502
80,21413,1664,3825,20949,504,3619,22090,1872,3943,24160,1752,3901,21700,1877,3878,24251,1704,4035,22355,1081,3754,18971,1009,3555,18994,1619,3772,23630,798,3880,23111,1572,3879,19831,836,3613,21985,1493,3788,22934,1197,3827,21358,906,3706,22382,1474,3832,24278,1766,4036,23520,1394,3855,22363,1510,3843,21308,1984,4061,20292,1014,3586,18470,1655,3753,22849,1699,3884,23321,1162,3873,19916,1404,3689,23290,955,3811,21708,1819,3912,22609,1366,3866,22225,456,3729,19512,1174,3611
81,21997,1563,3792,17385,1358,3587,17982,742,3496,22309,1279,3806,22400,1257,3785,22735,1895,3987,24268,1806,4001,22515,1902,4023,20159,1269,3638,22475,1579,3887,22106,1615,3835,17468,1225,3539,18701,975,3403,20412,1814,3836,17720,944,3516,19227,1299,3573,23202,1624,3932,18681,1297,3563,21653,1598,3838,22581,855,3708,22658,810,3775,24943,1252,4030,23332,1824,3985,21279,349,3664,23082,1973,4073,19719,1421,3695,20982,459,3632,20625,979,3637,19222,1472,3558,23703,1620,3944
82,17309,678,3454,24813,1125,4048,19079,1354,3603,21487,1449,3724,24006,1878,4046,20777,1174,3572,21345,1571,3812,23487,875,3870,22013,1202,3724,20090,524,3536,19302,1164,3608,18409,1297,3625,18139,1004,3430,23439,633,3884,18895,1277,3609,23079,1239,3836,19410,1401,3636,22955,1811,3949,18549,962,3510,23026,1081,3825,23731,1690,3944,21928,1692,3848,20658,1398,3691,20714,1221,3719,19109,285,3514,22698,778,3781,17765,386,3394,24048,1686,3986,21746,1182,3755,22344,1893,3843
83,23781,1699,4022,22248,1198,3774,24381,1689,4111,20990,1147,3699,21523,1677,3842,23518,1576,3901,23433,1717,3952,21782,1324,3674,23441,1900,4050,24788,1201,3953,22547,981,3785,22293,513,3736,22015,1874,3957,18698,1401,3672,22317,1483,3853,21148,1541,3768,21001,1227,3694,20198,1573,3702,23548,2022,4035,18238,1178,3588,22914,1012,3792,22230,1447,3832,21814,204,3664,16756,483,3431,23988,1329,3958,18729,542,3503,17887,823,3468,20575,488,3596,17146,416,3387,22718,1308,3880
84,23591,1468,3911,20906,1640,3780,22448,1912,4001,20244,1170,3640,21995,665,3687,18365,1475,3683,22698,1990,3986,18688,1539,3689,21827,1574,3826,18179,1387,3639,22746,1647,3918,24741,1743,4060,23592,1893,4061,18678,527,3501,22908,1052,3796,19493,1472,3729,17157,179,3447,22775,1646,3871,24588,1700,3989,19315,1063,3623,21433,797,3656,21841,1501,3829,21511,1779,3911,20921,1371,3730,24590,1443,4005,18158,853,3450,19201,1450,3646,22653,1548,3904,23038,1926,4075,24446,1687,4062
85,21363,1965,3988,20687,739,3556,23231,1879,3987,21310,312,3555,22454,1513,3868,21916,1929,3957,17654,1190,3555,19534,1483,3703,18277,1008,3520,21155,1257,3675,24673,1249,4068,19890,877,3629,23193,1978,4084,18950,1164,3624,18128,1090,3591,21286,1163,3739,17571,1134,3556,24377,1713,4118,21617,440,3610,17340,1102,3503,21771,1186,3764,20247,1460,3730,23977,1439,3986,22312,1543,3817,19070,686,3562,22096,708,3735,21690,1758,3796,19108,785,3525,22252,1619,3845,21714,1499,3733
86,20142,1828,3922,19190,774,3563,18294,600,3506,23601,481,3870,22653,1889,3969,17993,1254,3550,21382,1742,3880,21034,1810,3778,21638,1711,3835,18803,1235,3617,19719,266,3536,22680,1461,3848,20981,827,3676,22882,1438,3874,22692,1802,3901,20156,1072,3643,22225,1706,3902,20475,618,3532,19767,949,3583,20459,805,3645,18151,1490,3645,19721,1462,3696,18763,364,3412,22974,1261,3871,24858,1669,4073,22465,1561,3866,23644,1452,3959,20696,1519,3756,18727,767,3512,21300,646,3637
87,23923,717,3919,21502,1391,3770,20527,1334,3707,23302,688,3826,21266,639,3600,23638,648,3842,20768,1653,3793,19514,1162,3603,21330,1752,3854,22216,738,3730,20883,946,3622,22147,515,3707,20517,1257,3720,23378,1608,3912,23390,1742,3971,17964,721,3493,18588,586,3486,21341,1819,3858,21527,1539,3827,22721,776,3778,21110,1219,3744,23321,1037,3898,19895,1626,3770,22785,1599,3924,24444,1845,4097,22666,1801,3959,21057,32,3563,17796,425,3468,22527,1660,3877,19936,732,3558
88,22182,790,3741,24034,2067,4046,21936,359,3640,21283,1351,3715,19870,875,3614,20634,1454,3694,24084,689,3914,23044,846,3791,22755,1936,4035,20430,797,3639,20516,722,3605,24511,1512,4016,23456,1716,3959,20507,936,3630,17762,567,3420,22636,834,3821,23058,1537,3841,22634,1237,3797,22967,2007,3975,22302,787,3634,21032,1911,3924,18722,331,3413,23040,1568,3902,20803,279,3577,23725,1671,3949,19040,409,3350,19028,1059,3590,22401,1626,3895,19338,1409,3697,19581,826,3567
89,20571,1854,3923,19666,984,3581,21819,1288,3761,20352,1021,3523,21995,1529,3853,22568,1874,3973,23302,952,3877,21977,1365,3816,23531,1790,3988,20171,842,3584,23289,1428,3904,20551,1065,3656,23078,1982,3970,24569,256,3924,20920,1410,3770,17552,1322,3576,20239,54,3555,23250,1615,3909,21976,1268,3762,22561,1658,3910,18272,823,3456,21373,1922,3849,22560,1773,3909,23383,1399,3895,21704,537,3685,24394,1562,3998,20992,1405,3759,19451,1172,3587,20396,1606,3746,21755,769,3753
90,17938,459,3428,22821,1650,3939,17629,1123,3504,23569,1696,3848,24120,1728,4022,20631,1565,3750,21323,1263,3750,20688,443,3560,18414,712,3442,20592,836,3656,21107,1568,3794,17913,979,3544,18614,1438,3712,22879,1328,3859,21846,760,3697,23864,1903,3935,20633,1241,3698,23748,1377,3930,20205,1209,3702,24000,1521,3936,21348,1202,3748,21097,1637,3814,23009,1478,3880,19265,654,3522,18846,789,3572,20726,520,3552,16424,868,3447,19566,904,3613,21375,1607,3832,21051,1340,3682
91,19235,1158,3609,24002,883,3933,20644,1179,3646,24603,1321,3951,22598,1951,3981,21141,1121,3726,22103,427,3670,19862,477,3560,23942,1866,4061,17641,1212,3501,21259,1501,3770,24585,1857,4060,17792,1271,3588,19558,1025,3643,22319,1608,3862,20592,835,3631,21507,1800,3820,22768,1523,3859,21664,1419,3706,22053,1722,3874,20497,374,3606,23043,510,3851,23078,1897,4028,22304,666,3679,22122,1699,3901,22016,1413,3769,23547,644,3842,23595,1869,4061,22896,1839,3985,22147,1712,3838
92,18926,1029,3576,17953,327,3377,22339,1895,3986,18183,1476,3657,22087,1600,3873,23525,1845,4027,22109,557,3737,22625,1188,3831,21429,1217,3687,24296,1698,4003,20421,1587,3785,20300,913,3649,23419,1838,4005,20273,1274,3675,19716,1491,3736,22575,1557,3848,22425,1623,3908,21361,786,3598,21426,1662,3820,19608,1104,3630,22853,1581,3868,23851,1571,3963,24743,1328,4019,21261,370,3633,20937,1666,3779,17067,1001,3498,23581,1436,3955,18539,507,3486,20284,1640,3763,21877,724,3641
93,21938,1710,3836,20074,1632,3773,23740,825,3910,22219,1306,3770,20346,668,3596,19337,1305,3640,21903,1333,3778,21960,1908,3952,23582,975,3868,22917,743,3777,18610,602,3396,20701,626,3650,22690,1651,3908,22831,1723,3942,20402,1843,3906,18043,730,3501,23218,1609,3903,23293,1938,4050,21731,1513,3829,21726,1391,3779,24256,1748,4039,18830,927,3539,17714,646,3433,23436,919,3767,24171,1661,4010,20031,1136,3660,20057,1582,3725,19252,925,3557,24408,1689,4002,18408,1054,3586
94,19455,988,3584,21740,1271,3739,23718,2082,4057,22923,517,3660,19915,1090,3631,21491,1038,3740,19184,1349,3655,19973,1177,3659,19366,1333,3644,21903,1623,3850,23705,1897,4050,20694,820,3645,18288,299,3367,20637,1473,3724,20075,248,3563,20346,1418,3674,22503,1595,3883,20989,1658,3796,23712,655,3835,23654,1953,4017,19257,1184,3627,23264,1489,3931,18311,1330,3639,17905,1083,3478,22290,1752,3925,22164,1335,3816,22369,1296,3775,21809,50,3655,23897,1797,3964,22455,1868,3950
95,22749,1699,3908,18674,1350,3580,22871,751,3794,23644,1835,4028,24105,1682,3954,19836,267,3526,23079,1726,3944,22322,1862,4013,23979,1798,4062,21256,1731,3812,19857,776,3563,18928,947,3539,24524,1014,4030,17778,302,3382,21386,1929,3945,22681,1910,3983,19495,451,3520,21610,473,3667,18991,800,3514,19986,1262,3676,24224,1082,3972,22197,1224,3810,20452,1125,3667,21221,1372,3774,18511,1450,3687,23299,1399,3871,22457,1608,3853,22578,781,3690,21102,1285,3749,22160,1409,3835
96,23746,1710,4035,23377,1231,3903,21435,1783,3894,19297,288,3476,18233,1324,3605,21499,372,3685,20687,1056,3658,19257,1317,3657,23874,1201,3968,21711,1504,3761,22706,1018,3825,17899,1273,3621,24205,1641,4056,19523,1124,3604,20313,1689,3791,15171,919,3410,20641,865,3642,24140,1607,4004,22733,906,3711,20442,1250,3642,24190,1815,4036,21722,1698,3818,20508,1105,3686,20888,1715,3848,22232,1868,3918,20973,748,3630,20249,900,3643,22912,907,3818,22951,1709,3931,23183,197,3764
97,21203,1361,3748,21262,125,3576,16592,872,3450,18945,1564,3780,22752,1211,3828,18913,935,3505,23275,1434,3903,22398,1659,3851,22368,911,3666,23108,1084,3891,22453,1226,3835,22139,1683,3856,20173,1349,3725,22534,1645,3891,20302,1282,3680,17939,854,3436,23022,687,3838,24334,1835,4079,21952,1662,3843,23122,1803,3966,23513,1837,3968,22728,970,3826,20995,930,3663,21495,1764,3854,24519,1237,3983,20768,316,3582,22085,1547,3836,23504,295,3759,17842,431,3468,22062,431,3724
98,21487,759,3697,21793,1097,3712,20907,1740,3822,21102,1515,3755,23333,1865,4030,19165,1315,3618,21853,1479,3840,20748,29,3559,19406,1064,3575,23421,2193,4043,20935,1368,3737,18188,1208,3583,21488,825,3648,23872,494,3890,18342,1314,3596,23388,1469,3908,21568,889,3689,22699,1796,3924,23159,1915,3935,21471,1406,3780,21395,1780,3866,21203,1564,3804,24093,1486,3994,24178,1721,3996,24114,1830,4011,22193,1227,3779,21165,1311,3753,21233,271,3658,23806,582,3832,18247,1251,3503
99,21740,2041,4069,23561,936,3854,22746,675,3711,21684,1361,3744,19614,829,3558,24168,1778,4074,19240,641,3419,22658,851,3785,22346,1696,3908,21621,408,3676,21383,1188,3758,20351,304,3571,24209,1575,3972,23146,507,3778,21272,1498,3797,18796,1186,3569,19546,133,3526,23130,708,3843,21142,1829,3881,23782,1960,4054,23002,1920,3993,22821,1297,3871,19482,1064,3559,21094,1416,3743,22679,1129,3761,20495,1113,3649,22381,1672,3886,18553,1346,3626,19739,1791,3844,21747,1008,3741
100,21453,349,3685,18863,1117,3618,21661,1347,3783,20698,1349,3652,22933,1661,3919,21102,987,3715,21786,1710,3881,22450,1866,4016,19832,1376,3693,18227,1304,3569,23118,1111,3852,20885,605,3633,20490,370,3619,21745,1139,3691,22080,1645,3849,20631,1239,3716,20374,892,3658,22595,1338,3782,20190,1686,3828,24388,1168,3964,23273,1708,3950,22747,1535,3896,21968,1446,3753,19423,1677,3705,21550,1465,3755,25269,981,4101,23452,1461,3946,24461,1707,4037,18997,569,3508,22247,1346,3838
101,21390,1773,3873,18863,1014,3585,25081,1386,4106,19646,1269,3625,22690,1467,3848,21407,979,3731,20694,802,3623,19764,1424,3711,22879,1689,3917,23337,1207,3903,18544,204,3334,19378,898,3527,20551,837,3630,20878,669,3619,23541,1695,3953,17740,436,3397,18674,1203,3564,23384,2005,4060,19534,587,3524,18898,1276,3600,21469,893,3713,21949,1138,3667,17982,1094,3520,19537,398,3518,14645,696,3451,19834,751,3584,21758,972,3750,20055,703,3582,22855,1986,4023,19045,447,3477
102,20240,1065,3604,22693,1846,3960,19343,459,3518,21857,1124,3744,20823,260,3521,23606,1734,4059,21817,1580,3833,18743,107,3495,23225,909,3796,22449,1528,3885,19957,848,3619,22158,978,3779,18945,739,3542,19697,981,3611,24286,1808,4079,20423,866,3633,18312,991,3501,24039,953,3970,20445,1421,3718,23426,1628,3874,21359,222,3616,18802,1532,3687,20117,938,3611,20218,962,3623,21873,1612,3771,23660,1691,3958,23294,1267,3868,22822,952,3775,21930,1586,3798,23677,1731,3995
103,23696,1766,4028,23624,1743,3953,23442,1398,3905,20318,1639,3801,22283,377,3732,23510,1705,4005,20937,1254,3690,23841,1802,4008,24333,1702,4059,21617,457,3718,22609,1914,3968,19677,1272,3665,24310,983,3940,18855,1144,3606,22927,1587,3900,24121,698,3951,17408,978,3492,21789,307,3637,21482,1566,3831,22386,1955,3931,19603,622,3560,20020,1561,3725,17087,1319,3583,24304,1851,4020,20850,1509,3727,22150,704,3596,21883,1268,3768,18248,139,3446,21642,1239,3770,24213,405,3804
104,23253,1297,3873,17375,1141,3549,21962,1370,3787,21494,720,3704,19132,1290,3581,21618,300,3680,20668,1776,3805,20052,1408,3749,22176,1538,3769,19005,485,3465,22177,759,3730,22326,347,3782,21222,1772,3802,23774,1962,4064,18777,1415,3668,21863,769,3684,21877,1870,3915,23060,1144,3841,22341,1011,3757,19345,1049,3629,24186,1597,3998,22910,982,3851,18208,661,3480,18638,1241,3591,24175,1522,3971,23447,635,3861,16527,589,3440,23393,1545,3901,18160,258,3448,22537,1866,3960
105,23536,1980,4053,23723,1419,3971,20894,1485,3761,21257,1089,3702,21428,843,3603,21783,945,3714,22627,1374,3833,23594,1813,4029,23889,1163,3922,20841,1560,3732,24078,1667,4034,22945,1706,3909,19559,551,3552,23743,1581,3940,24367,1547,4003,19595,1445,3705,20372,1667,3787,20436,306,3515,22211,1474,3839,22983,1356,3858,18757,1073,3511,19279,1593,3779,20424,1205,3630,18032,1367,3613,22577,1614,3872,21833,1213,3758,22771,1221,3861,23282,935,3829,19056,633,3515,19605,1486,3732
106,21179,1448,3697,23244,906,3783,21527,1382,3742,17685,533,3466,19844,746,3570,20919,939,3695,20910,538,3577,19618,1415,3662,19951,1571,3765,21518,1600,3812,21461,1672,3851,20470,730,3644,19996,1425,3686,18697,1353,3646,23480,577,3860,19066,1391,3651,23793,1055,3955,21496,1613,3827,20072,681,3564,22745,1555,3819,21330,1278,3751,21087,1609,3810,18477,643,3516,20367,1553,3686,18737,1532,3735,21610,1136,3715,21023,1316,3758,23767,1722,4022,22510,1169,3781,18983,459,3504
107,22518,1603,3858,22952,1331,3881,21973,359,3702,23874,1779,4058,18264,1128,3577,22829,1659,3928,21558,1462,3759,23372,951,3801,21459,1587,3824,23178,1483,3902,22193,1525,3771,21715,1623,3827,22144,838,3757,22607,1912,3911,19525,1586,3730,23796,1327,3882,20011,1137,3634,21189,1494,3737,19436,570,3499,20487,1677,3777,18954,1177,3626,23296,1284,3865,22452,1911,3922,19785,1120,3571,22233,1675,3874,19765,1372,3676,18691,1205,3578,21672,1734,3869,21810,1625,3860,21279,949,3632
108,21987,1695,3850,20605,790,3579,21631,1847,3923,21474,498,3642,19744,901,3594,23762,1730,4052,22549,1874,3889,23170,1643,3953,21411,1324,3759,21649,1780,3847,19659,212,3500,23441,1791,3957,23419,1143,3828,24308,468,3944,20050,695,3569,21001,748,3630,22988,671,3824,21456,1648,3829,17708,980,3527,17926,1029,3539,21920,1231,3790,22651,190,3662,21531,1236,3725,22506,1652,3933,23815,1592,4001,21737,1942,3965,20114,1490,3686,21696,1756,3916,20754,1777,3862,19387,959,3567
109,23340,1921,4039,23842,1273,3937,21872,1488,3807,19608,437,3494,22634,1490,3883,22993,1432,3855,18691,1323,3649,22721,1834,4013,23551,1810,4008,23056,885,3779,23087,125,3781,17351,388,3392,21946,652,3711,18578,1062,3531,21633,1703,3799,24728,1671,4064,19797,1160,3651,20397,1121,3672,21167,769,3640,20617,1061,3673,24296,1442,4021,15554,617,3386,23163,1266,3897,23739,1803,3971,19206,1486,3688,21371,1508,3736,19104,944,3592,23789,1466,3959,23378,1386,3905,20544,892,3628
110,23691,1613,3971,22893,1862,4003,22637,1895,4005,24560,1381,4129,22750,1946,4060,21615,1594,3840,21848,1186,3717,21424,965,3632,20283,1054,3598,21553,1175,3680,21011,1248,3643,20394,429,3611,20777,1955,3942,18880,1431,3709,22394,1525,3860,23342,704,3822,21318,679,3656,24024,1137,3989,24495,1041,3912,20217,1321,3698,23064,1603,3889,22683,1585,3892,21214,1359,3711,22154,842,3710,19413,1196,3672,23004,1965,3971,22289,1689,3880,22610,1568,3900,21018,1709,3842,19358,1385,3703
111,21746,1775,3877,17423,1469,3614,21773,888,3661,21732,880,3714,23049,362,3803,22134,1753,3936,19928,1248,3676,21679,427,3592,23240,1928,4005,21802,1019,3754,20956,440,3603,20042,511,3607,20115,1067,3598,22494,1776,3853,21665,1497,3773,20894,1163,3726,23759,1374,3917,22396,980,3733,25839,1349,4022,20760,671,3588,19243,289,3499,22617,1778,3884,22306,826,3729,19135,1373,3655,22067,1940,4031,20275,1628,3791,22779,1349,3888,21503,268,3641,23935,1199,3924,23513,1949,4079
112,20308,1182,3667,20902,1396,3712,20525,1792,3749,20789,1621,3796,19227,671,3556,24798,1668,4040,23087,1281,3885,18900,428,3515,20181,1555,3753,20317,1057,3666,22601,1695,3901,21890,1124,3700,20639,863,3642,21079,791,3663,24348,656,3919,19173,1129,3531,17084,1349,3626,22722,1396,3857,21039,948,3614,22129,1528,3809,19206,1321,3646,17345,1264,3564,19067,1374,3674,23236,2015,3945,20022,874,3622,23553,1478,3920,22080,1355,3772,22506,1575,3889,22212,1321,3817,19972,1418,3713
113,17404,928,3507,21322,1596,3779,24842,940,3933,,,,24760,1094,3952,24167,1105,4017,18712,915,3538,21411,1560,3816,18705,1275,3611,21536,1662,3840,19628,1039,3576,23264,1682,3950,20923,1033,3671,19964,1306,3692,20213,1475,3677,20599,1243,3673,23881,963,3892,23123,714,3760,18538,780,3425,23282,1841,3985,21815,695,3647,22002,843,3720,23657,940,3888,18816,1169,3595,18639,632,3490,22475,985,3743,23813,1508,3964,23545,1433,3939,22695,1897,3978,18952,1392,3644
114,21440,1627,3824,20739,999,3609,23328,1998,4034,,,,20265,554,3511,23314,1831,3985,19822,1081,3645,19919,1221,3634,17538,713,3458,21997,1600,3856,23220,1007,3840,20338,1734,3842,23251,1967,3990,23667,253,3846,22324,1866,3929,22629,1990,4018,20577,1423,3697,20472,1040,3669,16371,1171,3546,22600,908,3750,20822,1324,3736,18936,1195,3581,23178,1813,3941,22464,1477,3786,22756,1554,3885,19702,1227,3513,16337,1349,3622,22510,1272,3786,22833,1207,3797,18614,984,3588
115,18400,1063,3511,22707,1815,3893,23859,1355,3943,,,,21059,1341,3661,20879,934,3602,19999,1501,3718,21932,1956,3927,24060,1878,4089,19406,1046,3616,22679,1146,3810,20878,1457,3731,21488,1804,3815,19849,1026,3659,19248,1561,3691,24643,1199,3987,21917,1747,3880,23830,430,3884,19231,1259,3552,19593,403,3473,18818,604,3384,16046,432,3326,20416,1583,3733,20822,964,3707,23137,1005,3762,20206,1307,3664,,,,21616,1300,3784,21085,1410,3709,19592,117,3510
116,23295,1577,3895,15306,1079,3537,23655,1862,4016,,,,22990,1320,3839,21765,769,3698,24110,1971,4044,20506,1487,3757,24129,918,3966,20034,1040,3564,21098,710,3669,20761,1476,3666,23721,1766,3968,21382,1797,3903,16558,1102,3523,20398,618,3566,21078,1162,3687,22140,1895,3940,21497,1776,3866,23309,1973,4046,23197,969,3851,22643,2004,3976,20394,1588,3792,22773,1370,3884,17262,745,3471,23347,1694,3957,,,,23171,1781,3968,20128,1263,3668,23622,1810,4001
117,18956,1489,3696,20307,1454,3706,21120,1165,3663,,,,19569,621,3547,16527,943,3457,21843,1623,3838,22256,2042,3959,17301,828,3507,19560,623,3542,19994,459,3571,19657,1532,3726,24104,1270,3943,23136,1348,3878,22807,1853,3976,21045,368,3588,19657,1356,3644,22458,1840,3955,23980,1942,4036,22273,1080,3773,23250,1710,3953,22282,1797,3937,22337,1170,3730,22389,1862,3886,18342,1112,3571,20269,1651,3787,,,,19321,1175,3603,20760,1606,3831,19785,1460,3731
118,23969,1672,4061,23865,1747,3975,17430,460,3493,,,,20212,866,3578,16792,1533,3737,22024,973,3725,22331,1828,3932,20411,1295,3665,22345,1597,3862,20581,530,3607,20353,983,3652,20553,1033,3656,22876,1415,3838,20813,1259,3711,20910,1134,3694,21850,1198,3757,23908,1673,4003,21749,1103,3756,21981,1562,3835,21872,1315,3779,21695,1850,3941,22358,501,3668,22854,1335,3841,18210,230,3419,19220,1402,3641,,,,16574,951,3518,22750,1454,3884,22120,1579,3817
119,22291,0,3578,24088,1943,4007,22676,1659,3891,,,,18206,1584,3615,23560,1686,4021,19708,1124,3636,19994,1421,3705,22227,1791,3902,22917,1857,3965,23429,773,3854,22835,1261,3865,23449,909,3902,20396,1549,3711,22653,1290,3725,24380,1932,4046,20141,473,3531,18158,947,3551,20551,1728,3854,17961,1198,3582,19862,1161,3634,19503,916,3486,21407,1240,3739,23489,1576,3896,23648,1801,3941,24729,1325,3991,,,,22474,1671,3896,21218,1548,3768,19554,1402,3711
120,22842,1615,3916,19763,1256,3641,23563,1941,4025,,,,18733,426,3448,22591,1549,3814,21961,628,3636,23999,1410,3983,24411,1288,3987,22546,810,3770,22798,444,3769,22284,1791,3872,19475,1236,3632,18278,1332,3625,19770,1705,3811,23430,2035,4086,21933,1477,3819,18606,1110,3562,21145,867,3677,21027,1051,3656,24452,1777,4062,22954,659,3792,22143,1748,3859,20125,239,3558,18052,1406,3648,22402,1695,3861,,,,21705,1297,3680,21821,659,3690,22676,1325,3828
121,19616,1073,3643,21074,486,3610,18608,1442,3677,,,,,,,20960,1390,3696,19678,421,3531,21033,1351,3703,20728,1195,3684,21408,1786,3873,24261,1562,4044,21077,392,3649,20964,1922,3924,21563,859,3687,23075,1879,3996,24392,1359,4048,18322,934,3526,20288,1754,3810,20544,1425,3762,21296,1604,3771,21892,1796,3913,19861,1212,3595,22929,1312,3754,20537,1332,3722,18892,1568,3748,22304,1026,3763,,,,19632,306,3559,21727,1343,3781,21915,1402,3778
122,19775,1494,3727,24548,1769,4028,22022,1732,3918,,,,,,,22304,955,3794,20802,1664,3816,20440,840,3610,20974,1501,3694,20639,1044,3658,21094,1744,3861,19577,334,3557,23406,1857,3931,24165,1909,3976,22717,1511,3891,20204,1426,3652,20060,1807,3897,20383,1459,3649,23865,1856,4016,20507,259,3541,17677,1144,3462,23838,1386,3931,22979,1911,4017,21428,1189,3709,21960,1689,3894,24178,1312,3938,,,,20726,755,3631,21986,1462,3798,23543,1750,3964
123,24086,1325,3945,22270,957,3749,25700,1384,4091,,,,,,,21546,1899,3888,22833,1653,3861,17774,920,3458,22703,1867,3975,24331,1813,4051,18639,923,3569,20821,1462,3699,20090,1219,3690,17248,514,3450,19366,1678,3719,20647,1188,3701,17106,1295,3466,22417,1894,3928,20114,1745,3859,24653,1609,4002,17573,900,3432,19538,839,3555,22442,0,3686,23740,1844,4009,23039,1619,3910,24136,1717,4024,,,,21098,1716,3819,23066,1118,3871,20450,650,3604
124,19199,563,3451,19743,1258,3628,17973,420,3476,,,,,,,20650,1235,3659,20940,978,3703,23423,1808,3995,19878,718,3578,19227,414,3534,20417,1319,3685,22488,42,3729,21900,1745,3912,23316,1693,3962,23724,1540,3977,19992,1369,3624,21430,915,3730,23657,1166,3898,19439,667,3561,22989,1096,3827,19850,1164,3565,21832,1695,3832,18533,1310,3635,19582,1125,3655,18661,989,3556,22022,918,3733,,,,23174,1479,3896,19323,1533,3738,22476,1708,3895
125,21100,985,3685,,,,24390,1092,3987,,,,,,,18142,799,3483,23091,1268,3812,21958,2068,3973,22187,1866,3961,23463,977,3891,19199,1494,3578,22397,1533,3871,21884,1290,3776,21257,766,3626,21704,1580,3830,23471,547,3870,22946,1799,3949,,,,21521,1598,3833,22050,971,3752,21184,1465,3758,21555,1740,3827,20871,1073,3653,18475,1114,3536,20018,559,3587,22328,1732,3846,,,,20538,1607,3798,22882,84,3749,19035,1464,3719
126,21989,1820,3897,,,,18875,1140,3574,,,,,,,23055,1556,3877,21842,846,3709,18144,763,3511,21541,1107,3662,17845,607,3469,18391,1086,3565,22317,1513,3819,18422,1099,3530,18714,1286,3668,22985,1676,3930,24608,1759,4081,19407,969,3538,,,,21846,1442,3791,23822,1653,3986,24228,1411,4000,22435,1641,3844,20920,1851,3828,23615,1053,3861,20004,579,3592,23975,1810,4010,,,,24226,1228,3876,22807,1776,3921,19732,1369,3652
127,22426,1409,3775,,,,22891,1570,3849,,,,,,,22310,1710,3877,19541,793,3526,20086,1403,3750,23437,1503,3942,19871,1651,3787,20177,764,3617,20089,1124,3645,19380,1231,3631,22508,1458,3817,22162,1495,3835,23962,1539,3949,21356,1809,3905,,,,20481,1518,3745,22477,1432,3817,22248,1524,3843,19025,587,3484,22594,1928,3991,22527,746,3683,20454,1520,3744,16686,961,3475,,,,21669,1459,3826,21274,1064,3700,16623,826,3496
128,19426,1500,3724,,,,20708,1630,3796,,,,,,,18617,1464,3591,23406,940,3872,22573,1361,3751,18683,890,3571,22770,1415,3813,22152,947,3751,23143,1881,3951,20711,1141,3715,22885,1210,3833,22439,1824,3955,20324,619,3552,17826,627,3480,,,,21538,732,3681,18186,1190,3569,23818,1855,4006,23875,1313,3971,23920,1772,4029,21347,1485,3802,22749,1707,3904,23082,1974,4039,,,,20304,1422,3691,23242,465,3780,20396,1034,3642
129,19336,1104,3648,,,,19603,1348,3584,,,,,,,21494,632,3695,22577,639,3777,22881,1819,4020,23623,1732,3975,20402,1055,3674,23191,726,3818,20048,1477,3734,23848,1802,3988,22377,198,3758,22708,322,3779,22895,705,3750,17019,730,3423,,,,,,,22958,949,3786,22122,379,3706,21395,1249,3726,20476,1485,3734,22449,1616,3872,18678,786,3502,16854,891,3405,,,,23497,965,3869,17416,450,3418,18575,1070,3594
130,20752,676,3596,,,,21439,1542,3786,,,,,,,21106,963,3704,22510,1423,3797,23743,1062,3888,16160,530,3399,23092,1676,3904,23597,1592,3919,21721,1526,3809,18784,591,3528,18786,660,3522,21958,565,3706,19779,1548,3736,20794,1379,3736,,,,,,,,,,22239,163,3632,22811,1359,3888,21510,922,3682,22992,959,3755,21171,1664,3813,,,,,,,19409,678,3528,23392,1837,3984,18485,1349,3626
131,18747,1494,3699,,,,17088,1246,3561,,,,,,,,,,23832,901,3902,23998,1593,3952,19234,865,3514,19096,1414,3689,21056,1125,3707,21704,1707,3836,22113,1431,3796,20544,954,3638,20806,1051,3643,21162,956,3647,20403,1224,3677,,,,,,,,,,23323,1093,3855,22777,1538,3912,19560,869,3591,19136,929,3567,20866,1345,3673,,,,,,,20416,443,3573,21361,1655,3854,21899,1561,3761
132,24125,1309,4003,,,,20868,1568,3791,,,,,,,,,,19575,304,3530,22219,448,3603,19358,1243,3631,18534,1368,3574,19562,1223,3626,20009,1769,3856,,,,19763,1459,3710,15375,615,3472,23935,1831,3953,21409,1049,3731,,,,,,,,,,22171,1225,3767,23404,1379,3922,24914,1441,4049,21048,1348,3735,24292,771,3981,,,,,,,20840,1371,3692,21362,1303,3761,22185,1391,3838
133,21220,1809,3892,,,,22221,1512,3816,,,,,,,,,,21593,797,3651,23512,1700,3965,19462,1257,3635,24842,1690,4079,19256,1219,3572,16934,917,3452,,,,22765,1775,3895,21290,1709,3822,,,,20845,989,3672,,,,,,,,,,21365,1851,3940,20684,1386,3719,23023,1310,3876,21160,445,3664,22226,1878,3951,,,,,,,16945,539,3403,22095,581,3720,25069,1333,4079
134,23080,1362,3845,,,,17979,1082,3523,,,,,,,,,,23646,1380,3924,20037,1023,3614,23884,1336,3975,22022,1545,3778,20505,519,3580,17072,929,3516,,,,22439,1460,3840,19816,262,3474,,,,20507,1750,3818,,,,,,,,,,18024,1125,3545,21011,2020,4041,20378,1399,3698,24636,1829,4072,22975,1751,3936,,,,,,,23972,1782,4066,20617,1516,3721,23754,1396,3944
135,21209,770,3696,,,,23013,1667,3916,,,,,,,,,,22118,308,3716,21832,1599,3829,22056,1677,3888,23004,1980,3978,24258,1585,3937,22387,640,3790,,,,21695,1379,3770,20317,1110,3686,,,,21362,1199,3705,,,,,,,,,,21528,1337,3784,23120,1962,3946,22513,2020,3928,20977,1557,3795,21737,967,3690,,,,,,,23931,1721,3975,23599,1367,3955,24081,1733,4017
136,21087,672,3645,,,,18110,894,3518,,,,,,,,,,20146,945,3644,20109,146,3541,21559,1795,3884,23098,1417,3890,22085,1749,3915,23369,654,3872,,,,23489,743,3895,23245,1400,3826,,,,19415,1253,3632,,,,,,,,,,19799,1511,3746,20672,622,3630,19649,810,3563,,,,22511,1406,3704,,,,,,,21129,239,3613,22990,1681,3909,19208,374,3501
137,21800,860,3738,,,,19370,829,3520,,,,,,,,,,17469,1116,3539,18881,1252,3608,22187,1055,3767,22436,1521,3801,20302,89,3572,20524,602,3626,,,,19907,1329,3689,20468,1407,3720,,,,22493,2044,3997,,,,,,,,,,23946,873,3923,21717,1793,3911,19889,1174,3620,,,,21185,1767,3884,,,,,,,23851,785,3875,19119,1475,3678,22883,1087,3794
138,22157,1753,3870,,,,,,,,,,,,,,,,20527,820,3603,20529,541,3613,16974,594,3407,19734,256,3480,22025,749,3727,20963,706,3660,,,,23101,1388,3860,19499,1239,3609,,,,21365,1435,3764,,,,,,,,,,23659,2087,4069,18503,421,3458,18886,271,3470,,,,20092,855,3638,,,,,,,22041,1098,3776,18811,1495,3716,23550,456,3898
139,20400,1217,3686,,,,,,,,,,,,,,,,19936,971,3648,22434,1489,3838,20290,1760,3805,23339,1569,3968,22582,1171,3802,24015,955,3887,,,,24003,1373,3948,18165,603,3422,,,,20986,1825,3914,,,,,,,,,,19216,598,3459,20735,1581,3764,21655,1486,3785,,,,20157,1193,3659,,,,,,,20351,1360,3685,24913,1378,4006,22447,1790,3862
140,16385,535,3375,,,,,,,,,,,,,,,,21513,934,3702,21110,479,3624,21510,1723,3875,19200,1028,3500,23351,1342,3875,23933,1638,4012,,,,21273,1849,3896,23855,1313,3864,,,,23432,1807,3958,,,,,,,,,,21551,1444,3792,23262,1807,3949,21904,1503,3804,,,,23721,1838,3993,,,,,,,20453,936,3616,18297,669,3479,17664,1281,3603
141,22776,1875,3960,,,,,,,,,,,,,,,,22507,1491,3843,19793,1516,3731,19582,1603,3756,23099,1093,3855,18538,1048,3555,20757,939,3651,,,,22947,1503,3877,22880,1468,3818,,,,16331,482,3416,,,,,,,,,,22368,1407,3862,22751,1418,3887,18708,1281,3644,,,,22357,1896,3998,,,,,,,23586,876,3873,23338,1372,3893,22925,550,3796
142,22442,1463,3835,,,,,,,,,,,,,,,,,,,22797,1094,3853,19326,1199,3626,23140,1773,3930,23486,1239,3905,20692,1802,3859,,,,21405,1578,3747,21918,1674,3846,,,,19179,1393,3631,,,,,,,,,,23202,937,3839,17864,1507,3610,21585,1822,3917,,,,23521,663,3810,,,,,,,19046,1256,3622,22468,1318,3838,23443,1797,3948
143,21714,1737,3835,,,,,,,,,,,,,,,,,,,20284,1385,3727,23594,590,3772,21102,1412,3731,18094,1154,3464,23579,379,3872,,,,23496,1790,3969,21265,342,3632,,,,22913,422,3762,,,,,,,,,,23857,1543,3977,18251,1197,3580,24932,1945,4056,,,,21756,1766,3825,,,,,,,23024,1290,3870,17067,729,3436,21625,1916,3938
144,18556,842,3496,,,,,,,,,,,,,,,,,,,22532,1859,3957,22526,941,3736,,,,19879,791,3570,22206,967,3755,,,,20987,1148,3661,21148,1621,3780,,,,20247,621,3559,,,,,,,,,,23946,1368,3946,22739,898,3833,21555,1376,3740,,,,22941,1892,4009,,,,,,,23129,1472,3890,19848,1711,3814,19061,842,3538
145,22893,1386,3856,,,,,,,,,,,,,,,,,,,20124,1507,3758,19620,860,3593,,,,21310,1848,3905,19973,950,3630,,,,18619,1461,3704,20794,526,3607,,,,22822,1813,3943,,,,,,,,,,22650,1973,3945,20300,1347,3652,19219,665,3545,,,,20159,864,3651,,,,,,,18324,976,3532,20115,1362,3680,22368,1714,3839
146,22556,1527,3889,,,,,,,,,,,,,,,,,,,23174,1009,3884,21532,1818,3950,,,,19393,773,3471,22364,1527,3868,,,,22409,923,3771,18525,930,3496,,,,20809,1646,3787,,,,,,,,,,18866,1271,3639,24273,1557,4004,21174,1899,3841,,,,22399,1631,3846,,,,,,,23343,533,3810,21298,1746,3864,22522,1263,3822
147,22722,1962,3995,,,,,,,,,,,,,,,,,,,20500,534,3605,23243,1889,3976,,,,18977,1587,3746,22546,1330,3842,,,,24647,1333,4093,23288,1802,3932,,,,21402,1095,3747,,,,,,,,,,23064,1921,4035,21229,1541,3768,23742,1928,4032,,,,22263,1767,3934,,,,,,,22137,1821,3945,22299,1205,3790,24990,1289,4044
148,21982,5,3727,,,,,,,,,,,,,,,,,,,24239,1845,4067,23727,1486,3951,,,,19837,320,3546,19987,1185,3645,,,,21426,1239,3753,23790,1515,3997,,,,18439,1579,3660,,,,,,,,,,18601,1344,3647,20681,448,3649,,,,,,,25038,1159,4042,,,,,,,21057,1511,3766,22519,1882,3892,23279,1302,3836
149,24193,1287,3990,,,,,,,,,,,,,,,,,,,,,,20958,800,3656,,,,21675,1944,3986,16819,1244,3600,,,,18591,375,3484,,,,,,,20474,292,3596,,,,,,,,,,21292,931,3723,19745,1574,3754,,,,,,,22940,1913,4045,,,,,,,22346,1384,3833,21962,967,3776,23866,1141,3919
150,22066,1816,3925,,,,,,,,,,,,,,,,,,,,,,21464,1396,3762,,,,20374,1510,3737,23828,1912,4030,,,,23258,1477,3887,,,,,,,22483,1837,3934,,,,,,,,,,22734,2078,4061,22637,1096,3765,,,,,,,,,,,,,,,,24548,1281,4019,21376,1368,3778,23301,999,3891
151,20389,1553,3760,,,,,,,,,,,,,,,,,,,,,,19512,699,3563,,,,23112,1873,3990,22613,1782,3904,,,,23048,1619,3950,,,,,,,21521,1582,3767,,,,,,,,,,22355,1219,3783,21369,158,3603,,,,,,,,,,,,,,,,21821,1523,3830,20263,1285,3687,23349,408,3878
152,19627,695,3525,,,,,,,,,,,,,,,,,,,,,,18943,1165,3624,,,,22984,570,3804,21349,1269,3693,,,,20639,883,3570,,,,,,,,,,,,,,,,,,,23062,762,3741,21564,1788,3887,,,,,,,,,,,,,,,,22749,1765,3946,23587,1603,3938,24402,1714,4056
153,18946,1362,3607,,,,,,,,,,,,,,,,,,,,,,22794,1170,3794,,,,19695,1185,3635,21052,594,3656,,,,22709,1943,3968,,,,,,,,,,,,,,,,,,,19598,963,3550,22685,1475,3839,,,,,,,,,,,,,,,,22251,1765,3942,20739,963,3668,19931,553,3556
154,18016,1331,3597,,,,,,,,,,,,,,,,,,,,,,23857,1314,3932,,,,22624,1960,4005,19931,775,3619,,,,18497,1326,3620,,,,,,,,,,,,,,,,,,,20752,1313,3710,19197,244,3484,,,,,,,,,,,,,,,,23057,1209,3857,20018,1520,3728,23564,1581,3922
155,18691,1441,3668,,,,,,,,,,,,,,,,,,,,,,18719,1183,3601,,,,24381,1376,4071,21546,1964,4034,,,,19696,577,3513,,,,,,,,,,,,,,,,,,,22677,1319,3849,24348,1744,4043,,,,,,,,,,,,,,,,20440,1440,3731,20225,983,3607,18741,934,3527
156,23617,1077,3918,,,,,,,,,,,,,,,,,,,,,,17371,1045,3558,,,,22574,954,3793,20627,715,3639,,,,22405,887,3769,,,,,,,,,,,,,,,,,,,23582,1728,3954,22045,1416,3806,,,,,,,,,,,,,,,,18521,1053,3568,,,,,,
157,22015,1528,3817,,,,,,,,,,,,,,,,,,,,,,17064,1085,3531,,,,20508,1391,3719,23953,1388,3975,,,,18585,1175,3602,,,,,,,,,,,,,,,,,,,21210,260,3639,24058,1641,4029,,,,,,,,,,,,,,,,22404,1763,3931,,,,,,
158,21209,1352,3746,,,,,,,,,,,,,,,,,,,,,,19743,685,3558,,,,20614,1276,3724,20038,1543,3763,,,,16510,1029,3470,,,,,,,,,,,,,,,,,,,,,,22382,1793,3944,,,,,,,,,,,,,,,,18238,1127,3529,,,,,,
159,21793,1635,3832,,,,,,,,,,,,,,,,,,,,,,,,,,,,19668,154,3508,22071,1263,3742,,,,21815,1311,3779,,,,,,,,,,,,,,,,,,,,,,20730,1003,3662,,,,,,,,,,,,,,,,21783,1016,3764,,,,,,
160,20746,1669,3769,,,,,,,,,,,,,,,,,,,,,,,,,,,,23122,623,3816,23211,1507,3876,,,,21573,1680,3778,,,,,,,,,,,,,,,,,,,,,,21080,1352,3726,,,,,,,,,,,,,,,,21521,1823,3900,,,,,,
161,22180,454,3737,,,,,,,,,,,,,,,,,,,,,,,,,,,,19747,995,3621,20138,1641,3772,,,,22035,1917,3931,,,,,,,,,,,,,,,,,,,,,,20888,1336,3702,,,,,,,,,,,,,,,,19855,728,3577,,,,,,
162,19623,1359,3668,,,,,,,,,,,,,,,,,,,,,,,,,,,,22989,1655,3957,22053,1309,3799,,,,21037,989,3665,,,,,,,,,,,,,,,,,,,,,,19131,964,3591,,,,,,,,,,,,,,,,21907,1387,3788,,,,,,
163,19828,580,3537,,,,,,,,,,,,,,,,,,,,,,,,,,,,19056,1530,3734,17712,831,3489,,,,19166,1346,3671,,,,,,,,,,,,,,,,,,,,,,21236,1485,3813,,,,,,,,,,,,,,,,23793,2032,4116,,,,,,
164,23640,1231,3925,,,,,,,,,,,,,,,,,,,,,,,,,,,,21772,1068,3751,23745,1393,3928,,,,18847,957,3584,,,,,,,,,,,,,,,,,,,,,,23584,1015,3916,,,,,,,,,,,,,,,,20848,1274,3638,,,,,,
165,22182,1604,3879,,,,,,,,,,,,,,,,,,,,,,,,,,,,20898,1562,3790,21358,675,3699,,,,,,,,,,,,,,,,,,,,,,,,,,,,23690,1962,4037,,,,,,,,,,,,,,,,23014,2062,4037,,,,,,
166,23513,1792,4026,,,,,,,,,,,,,,,,,,,,,,,,,,,,22557,1715,3882,21104,1028,3679,,,,,,,,,,,,,,,,,,,,,,,,,,,,18688,1122,3565,,,,,,,,,,,,,,,,18613,1332,3628,,,,,,
167,19918,1514,3735,,,,,,,,,,,,,,,,,,,,,,,,,,,,22739,1697,3925,24025,1413,3976,,,,,,,,,,,,,,,,,,,,,,,,,,,,21674,1719,3880,,,,,,,,,,,,,,,,23637,1844,4057,,,,,,
168,22514,1688,3881,,,,,,,,,,,,,,,,,,,,,,,,,,,,21222,1636,3824,,,,,,,,,,,,,,,,,,,,,,,,,,,,,,,,,,,,,,,,,,,,,,,,,20391,780,3600,,,,,,
169,23361,1197,3899,,,,,,,,,,,,,,,,,,,,,,,,,,,,16659,627,3439,,,,,,,,,,,,,,,,,,,,,,,,,,,,,,,,,,,,,,,,,,,,,,,,,22597,1727,3918,,,,,,
170,19110,1586,3748,,,,,,,,,,,,,,,,,,,,,,,,,,,,20094,1638,3779,,,,,,,,,,,,,,,,,,,,,,,,,,,,,,,,,,,,,,,,,,,,,,,,,22313,1405,3802,,,,,,
171,24371,1001,4028,,,,,,,,,,,,,,,,,,,,,,,,,,,,21986,1730,3895,,,,,,,,,,,,,,,,,,,,,,,,,,,,,,,,,,,,,,,,,,,,,,,,,20010,234,3523,,,,,,
172,20608,574,3571,,,,,,,,,,,,,,,,,,,,,,,,,,,,18840,1533,3709,,,,,,,,,,,,,,,,,,,,,,,,,,,,,,,,,,,,,,,,,,,,,,,,,21615,1817,3942,,,,,,
173,19391,1349,3661,,,,,,,,,,,,,,,,,,,,,,,,,,,,23376,1913,4043,,,,,,,,,,,,,,,,,,,,,,,,,,,,,,,,,,,,,,,,,,,,,,,,,21323,1770,3899,,,,,,
174,22912,1587,3927,,,,,,,,,,,,,,,,,,,,,,,,,,,,22279,1866,3950,,,,,,,,,,,,,,,,,,,,,,,,,,,,,,,,,,,,,,,,,,,,,,,,,22175,1537,3836,,,,,,
175,20966,1153,3669,,,,,,,,,,,,,,,,,,,,,,,,,,,,21907,1004,3754,,,,,,,,,,,,,,,,,,,,,,,,,,,,,,,,,,,,,,,,,,,,,,,,,23657,1808,3970,,,,,,
176,,,,,,,,,,,,,,,,,,,,,,,,,,,,,,,22954,1925,4054,,,,,,,,,,,,,,,,,,,,,,,,,,,,,,,,,,,,,,,,,,,,,,,,,23427,710,3853,,,,,,
177,,,,,,,,,,,,,,,,,,,,,,,,,,,,,,,23087,1103,3842,,,,,,,,,,,,,,,,,,,,,,,,,,,,,,,,,,,,,,,,,,,,,,,,,17942,1259,3612,,,,,,
178,,,,,,,,,,,,,,,,,,,,,,,,,,,,,,,21397,1553,3799,,,,,,,,,,,,,,,,,,,,,,,,,,,,,,,,,,,,,,,,,,,,,,,,,24375,887,3978,,,,,,
179,,,,,,,,,,,,,,,,,,,,,,,,,,,,,,,22033,1696,3874,,,,,,,,,,,,,,,,,,,,,,,,,,,,,,,,,,,,,,,,,,,,,,,,,22349,1742,3910,,,,,,
180,,,,,,,,,,,,,,,,,,,,,,,,,,,,,,,22097,79,3688,,,,,,,,,,,,,,,,,,,,,,,,,,,,,,,,,,,,,,,,,,,,,,,,,23092,1972,3971,,,,,,
181,,,,,,,,,,,,,,,,,,,,,,,,,,,,,,,22923,1239,3873,,,,,,,,,,,,,,,,,,,,,,,,,,,,,,,,,,,,,,,,,,,,,,,,,17492,794,3517,,,,,,
182,,,,,,,,,,,,,,,,,,,,,,,,,,,,,,,,,,,,,,,,,,,,,,,,,,,,,,,,,,,,,,,,,,,,,,,,,,,,,,,,,,22835,1525,3875,,,,,,
183,,,,,,,,,,,,,,,,,,,,,,,,,,,,,,,,,,,,,,,,,,,,,,,,,,,,,,,,,,,,,,,,,,,,,,,,,,,,,,,,,,19293,1532,3745,,,,,,
184,,,,,,,,,,,,,,,,,,,,,,,,,,,,,,,,,,,,,,,,,,,,,,,,,,,,,,,,,,,,,,,,,,,,,,,,,,,,,,,,,,18597,785,3510,,,,,,
185,,,,,,,,,,,,,,,,,,,,,,,,,,,,,,,,,,,,,,,,,,,,,,,,,,,,,,,,,,,,,,,,,,,,,,,,,,,,,,,,,,20576,408,3564,,,,,,
186,,,,,,,,,,,,,,,,,,,,,,,,,,,,,,,,,,,,,,,,,,,,,,,,,,,,,,,,,,,,,,,,,,,,,,,,,,,,,,,,,,23158,1932,4013,,,,,,
187,,,,,,,,,,,,,,,,,,,,,,,,,,,,,,,,,,,,,,,,,,,,,,,,,,,,,,,,,,,,,,,,,,,,,,,,,,,,,,,,,,20836,1547,3769,,,,,,
188,,,,,,,,,,,,,,,,,,,,,,,,,,,,,,,,,,,,,,,,,,,,,,,,,,,,,,,,,,,,,,,,,,,,,,,,,,,,,,,,,,20515,1653,3800,,,,,,
189,,,,,,,,,,,,,,,,,,,,,,,,,,,,,,,,,,,,,,,,,,,,,,,,,,,,,,,,,,,,,,,,,,,,,,,,,,,,,,,,,,19832,899,3610,,,,,,
190,,,,,,,,,,,,,,,,,,,,,,,,,,,,,,,,,,,,,,,,,,,,,,,,,,,,,,,,,,,,,,,,,,,,,,,,,,,,,,,,,,18434,961,3526,,,,,,
191,,,,,,,,,,,,,,,,,,,,,,,,,,,,,,,,,,,,,,,,,,,,,,,,,,,,,,,,,,,,,,,,,,,,,,,,,,,,,,,,,,19260,1514,3744,,,,,,
192,,,,,,,,,,,,,,,,,,,,,,,,,,,,,,,,,,,,,,,,,,,,,,,,,,,,,,,,,,,,,,,,,,,,,,,,,,,,,,,,,,21335,1326,3730,,,,,,
